PRAGMA foreign_keys=OFF;
BEGIN TRANSACTION;
CREATE TABLE IF NOT EXISTS "migrations" ("id" integer primary key autoincrement not null, "migration" varchar not null, "batch" integer not null);
INSERT INTO migrations VALUES(1,'2024_01_01_000001_create_robotics_kits_table',1);
INSERT INTO migrations VALUES(2,'2024_01_01_000002_create_groups_table',1);
INSERT INTO migrations VALUES(3,'2024_01_01_000003_create_users_table',1);
INSERT INTO migrations VALUES(4,'2024_01_01_000004_create_courses_table',1);
INSERT INTO migrations VALUES(5,'2024_01_01_000005_create_course_group_table',1);
CREATE TABLE IF NOT EXISTS "robotics_kits" ("id" integer primary key autoincrement not null, "name" varchar not null, "description" text, "brand" varchar, "created_at" datetime, "updated_at" datetime);
INSERT INTO robotics_kits VALUES(1,'StarterKit','Basic robotics kit for beginners. Includes motors, sensors and basic structure components.','RoboLearn','2026-03-14 06:14:15','2026-03-14 06:14:15');
INSERT INTO robotics_kits VALUES(2,'Educational Robotics Kit','Intermediate kit designed for programming-focused robotics courses.','EduRobot','2026-03-14 06:14:15','2026-03-14 06:14:15');
INSERT INTO robotics_kits VALUES(3,'Kit5','Advanced kit with servo motors, ultrasonic sensors and Bluetooth module.','TechBot','2026-03-14 06:14:15','2026-03-14 06:14:15');
CREATE TABLE IF NOT EXISTS "groups" ("id" integer primary key autoincrement not null, "name" varchar not null, "level" varchar not null, "created_at" datetime, "updated_at" datetime);
INSERT INTO "groups" VALUES(1,'Beginner Group A','beginner','2026-03-14 06:14:15','2026-03-14 06:14:15');
INSERT INTO "groups" VALUES(2,'Intermediate Group A','intermediate','2026-03-14 06:14:15','2026-03-14 06:14:15');
INSERT INTO "groups" VALUES(3,'Advanced Group A','advanced','2026-03-14 06:14:15','2026-03-14 06:14:15');
CREATE TABLE IF NOT EXISTS "users" ("id" integer primary key autoincrement not null, "username" varchar not null, "email" varchar not null, "password" varchar not null, "role" varchar check ("role" in ('student', 'teacher', 'administrative')) not null, "group_id" integer, "remember_token" varchar, "created_at" datetime, "updated_at" datetime, foreign key("group_id") references "groups"("id") on delete set null);
INSERT INTO users VALUES(1,'Admon','admon@robotics.com','$2y$12$a7Aa9fsIcrUDLMVqxty9K.5q0XRQSH2TIX4fIG7t7JRySl7caQSfy','administrative',NULL,NULL,'2026-03-14 06:14:16','2026-03-14 06:14:16');
INSERT INTO users VALUES(2,'Tecmilenio','tecmilenio@robotics.com','$2y$12$cMUO0peATcgVcMdpxeygE.jBk7PDu0NlpKQIA3llFEPhZKyHXE2bq','teacher',NULL,NULL,'2026-03-14 06:14:16','2026-03-14 06:14:16');
INSERT INTO users VALUES(3,'Student','student@robotics.com','$2y$12$/HG810DzovWT/36O4Wx0gek6HsXckYqImkBxoVW91Ym0qKhAG32fm','student',1,NULL,'2026-03-14 06:14:16','2026-03-14 06:14:16');
CREATE TABLE IF NOT EXISTS "courses" ("id" integer primary key autoincrement not null, "course_key" varchar not null, "title" varchar not null, "cover" varchar, "content" text, "didactic_material" text, "kit_id" integer not null, "created_at" datetime, "updated_at" datetime, foreign key("kit_id") references "robotics_kits"("id") on delete cascade);
INSERT INTO courses VALUES(1,'Rob105','Control Systems for Robot Kinematics','covers/dolore-ducimus-consequatur-sapiente.jpg',unistr('Iste eius nulla quia qui voluptatem eligendi accusamus. Perspiciatis reiciendis cum eum quaerat esse unde odit. Rerum enim quos non ut excepturi sed voluptatibus eveniet.\u000a\u000aItaque ex exercitationem odio ipsa aliquid. A fuga ex tenetur aut qui cumque. Ut dolorem cupiditate consectetur veniam.\u000a\u000aQuia beatae enim id beatae qui. Rerum quidem necessitatibus fugiat necessitatibus. Quia corporis odit omnis aut.'),unistr('Quae velit aliquam itaque libero est et. Impedit nostrum et temporibus quam commodi. Tenetur eveniet officiis autem et aut temporibus. Expedita necessitatibus nihil aut.\u000a\u000aQui ut rerum sit vero ipsam doloremque. Atque perferendis aliquid tempora. Rerum similique voluptas nesciunt est eos. Quia esse magni inventore aut id facere eos.'),2,'2026-03-14 06:14:16','2026-03-14 06:14:16');
INSERT INTO courses VALUES(2,'Rob106','Fundamentals of IoT','covers/id-laboriosam-est.jpg',unistr('Animi eum neque qui libero laborum qui placeat. Facere enim aut ea voluptas rerum repellat similique nemo. Qui vel sit nam dignissimos ipsa. Eaque similique nulla iusto fugiat qui sit.\u000a\u000aDolor nam nihil assumenda ullam. Et quod assumenda beatae suscipit totam occaecati. Sed eaque repudiandae quo id occaecati est.\u000a\u000aUt est ea exercitationem ratione unde corrupti aliquid. Qui quidem dignissimos velit expedita iusto veniam. Nobis ducimus dolores aliquid.'),unistr('Aliquid cupiditate id consectetur quo dolores. Consequatur numquam id impedit assumenda qui nam maxime.\u000a\u000aSunt enim quod reiciendis et. Quisquam aut sed a et voluptatem quo sed beatae.'),2,'2026-03-14 06:14:16','2026-03-14 06:14:16');
INSERT INTO courses VALUES(3,'Rob107','Introduction to Path Planning','covers/maxime-beatae-ut-numquam.jpg',unistr('Adipisci expedita velit quam culpa totam fuga. Voluptas qui voluptas rerum qui aut reiciendis atque. Sapiente iusto voluptatibus sit officia aliquid. Voluptas atque voluptatum rerum qui dolorum.\u000a\u000aEt officiis accusantium omnis dolores. Veritatis dolor veniam dolores cupiditate qui dolores nostrum. Officia nostrum est eius architecto qui commodi nihil veniam.\u000a\u000aCum dicta minima eligendi. Perferendis placeat nostrum tempora quo nobis facere beatae. Rerum velit recusandae alias nihil velit molestias deleniti voluptatem. Molestiae expedita qui quisquam.'),unistr('Laborum minus nesciunt minus numquam. Tenetur velit labore quaerat culpa vero. Quasi omnis et alias. Id molestiae nostrum perferendis.\u000a\u000aDolores esse quis saepe rem maiores voluptatem voluptatem. Quia ipsa beatae vitae dicta aut rerum. Reprehenderit voluptatem a voluptate fugit dolor molestias.'),2,'2026-03-14 06:14:16','2026-03-14 06:14:16');
INSERT INTO courses VALUES(4,'Rob108','Automation with IoT','covers/veritatis-dolores-repellendus.jpg',unistr('Sed sequi aut vero. Voluptatem voluptatem ut et nesciunt quam. Quisquam nesciunt nulla laboriosam.\u000a\u000aRepellat nulla sequi labore sint necessitatibus quo ex. Voluptatibus et non in porro corporis. Mollitia adipisci magnam rerum aperiam maxime.\u000a\u000aEx quia fugit ea magnam nemo tenetur. Dignissimos unde expedita atque doloremque recusandae et illum. Illum ut eaque saepe doloremque corrupti soluta tenetur. Et dolorem autem cupiditate quis optio optio vel eos.'),unistr('Sed aut tempora et ut. Ut dolor delectus iusto saepe. Ipsum consequuntur eius illo mollitia.\u000a\u000aRerum non occaecati laboriosam quia officia. Dolorem ut porro saepe ut illo.'),2,'2026-03-14 06:14:16','2026-03-14 06:14:16');
INSERT INTO courses VALUES(5,'Rob109','Control Systems for Path Planning','covers/saepe-deserunt-error-sunt.jpg',unistr('Veniam ut laudantium aperiam sed consectetur minus quidem ratione. Corrupti dolorem et fugiat consequuntur minima dolorem. Animi a rerum quae perferendis distinctio ab perspiciatis.\u000a\u000aRatione maiores praesentium voluptatem ut dolore veniam. Ut dicta magni ea minus nihil dolore incidunt. Quae porro voluptatibus et qui.\u000a\u000aDolorem ducimus asperiores autem voluptas quas omnis laborum dolorem. Sunt eum illo hic voluptatem mollitia ut.'),unistr('Provident vel consequatur quis amet porro modi. Sequi commodi voluptatum quis unde. Est omnis dolorem a at eos magni possimus. Itaque sed at itaque perferendis nemo et incidunt.\u000a\u000aVoluptatem debitis odit aut sapiente maxime. Nisi at libero pariatur eligendi architecto eveniet eum. Eius aut earum iusto adipisci nulla sit sequi eaque. Magnam saepe voluptas ut fuga.'),1,'2026-03-14 06:14:16','2026-03-14 06:14:16');
INSERT INTO courses VALUES(6,'Rob110','Principles of Servo Motors','covers/velit-non-eum-dolor.jpg',unistr('Dicta natus est cumque cumque qui possimus atque sed. Qui vero sint pariatur quia modi. Sunt ullam ipsa ea enim. Veritatis nihil saepe asperiores molestiae ex a magni nihil.\u000a\u000aPraesentium rerum quo adipisci dignissimos praesentium dolores. Unde ut numquam debitis eligendi consequatur. Temporibus aut culpa nam quasi sed rerum.\u000a\u000aVoluptate unde eos ut asperiores totam enim aut. Tempore provident et rerum iure veniam et. Quis non maxime deserunt cupiditate architecto voluptas est. Deleniti eum veniam id qui sed libero sunt.'),unistr('Est at qui a est. Eum consectetur architecto illo error fugiat. Ad ratione explicabo cupiditate aut necessitatibus autem illo.\u000a\u000aArchitecto eum hic est est magni vel eligendi ut. Et aliquid sint ipsa quia. Aut dolores assumenda ab in iure. Aut doloribus iure reprehenderit quo quia non eligendi.'),1,'2026-03-14 06:14:16','2026-03-14 06:14:16');
INSERT INTO courses VALUES(7,'Rob111','Design with IoT','covers/est-qui-quaerat-est.jpg',unistr('Sed asperiores qui molestiae magni nesciunt voluptas id. Explicabo fugiat et dolore officia sunt. Molestiae dolor cumque animi magni nihil eum et. Consectetur consectetur reiciendis aliquam aliquam id sunt doloribus aspernatur.\u000a\u000aCorrupti quia non non molestiae ut. Est maiores distinctio cupiditate commodi est sunt architecto. Perferendis accusantium vero exercitationem. Dolorem tempora mollitia eos itaque quibusdam consequatur ratione.\u000a\u000aImpedit sapiente est porro consequatur cumque nostrum. Iste magni dolore enim ducimus. Ullam sint nihil sapiente. Qui voluptatem cum dolore laborum ullam deleniti.'),unistr('Laudantium et sed quo optio ut maiores aut. Dolores repellendus excepturi iure. Voluptas fuga et ab saepe dignissimos qui animi.\u000a\u000aSequi assumenda enim temporibus laboriosam. Impedit voluptatem veniam saepe culpa est. Unde voluptas velit repellat fugiat.'),3,'2026-03-14 06:14:16','2026-03-14 06:14:16');
INSERT INTO courses VALUES(8,'Rob112','Principles of IoT','covers/et-qui-ut.jpg',unistr('Nemo asperiores temporibus repellendus. Esse et odit sapiente sequi. Labore corrupti impedit molestiae facilis labore totam. Dignissimos molestiae dolor fugiat maiores voluptatem quo. Voluptas ea eius voluptatem veniam.\u000a\u000aIncidunt error soluta numquam eos explicabo ipsa. Necessitatibus est eum ducimus qui error quo unde. Et id ut quam libero omnis similique. Consectetur sit quia aut nulla.\u000a\u000aId aliquid similique et ut. Dolores tempora itaque deserunt. Error tempora animi perferendis aut quia nulla fugit suscipit. Praesentium animi animi voluptas.'),unistr('Esse voluptas nihil officia est et voluptates consequatur. Beatae consequuntur ab corrupti magnam accusamus quisquam et. Et sed sed aperiam et corrupti. Adipisci quae at quos rerum quia.\u000a\u000aPraesentium iusto qui est voluptates alias quia dolores. Fugiat iusto natus incidunt asperiores. Dignissimos eos suscipit dolor praesentium debitis aliquid harum. Nulla esse quo recusandae cumque inventore id temporibus impedit.'),2,'2026-03-14 06:14:16','2026-03-14 06:14:16');
INSERT INTO courses VALUES(9,'Rob113','Principles of Artificial Intelligence','covers/dolorum-occaecati-aut-corrupti-veritatis.jpg',unistr('Autem veritatis qui non ipsam. Ut molestias libero voluptates reprehenderit asperiores labore dolorem. Animi amet iusto natus hic.\u000a\u000aIllum repellat quo hic omnis aut. Illo qui repudiandae expedita dolor enim. Architecto hic sit ullam voluptatem sit enim eaque. Eius doloremque accusantium vel ad totam voluptas excepturi.\u000a\u000aHic corrupti esse vitae tenetur quia suscipit sit. Unde perferendis veritatis id alias ea autem sequi. Doloremque mollitia similique velit autem et et sunt est.'),unistr('Odit et odit porro dolorum quo repudiandae. Autem dolor iure id hic laborum vitae maiores voluptates. Cumque eum rerum quaerat incidunt sit velit deleniti.\u000a\u000aVoluptatem deleniti quidem id aut iste amet esse. Qui aliquam minima excepturi qui in repellat qui. Sit consequatur voluptates quia velit esse delectus corrupti. Dolor libero harum enim porro.'),1,'2026-03-14 06:14:16','2026-03-14 06:14:16');
INSERT INTO courses VALUES(10,'Rob114','Introduction to PLC Programming','covers/soluta-et-sint-fuga-consequatur.jpg',unistr('Numquam nam animi aut autem ut sed. Aut ut vel id ullam voluptatem et natus. Voluptatibus est exercitationem ratione amet.\u000a\u000aLibero possimus voluptate consequatur aut. Accusantium deleniti animi quia qui officiis nostrum ullam rerum. Reiciendis voluptatibus explicabo dolorem vero quam numquam sit.\u000a\u000aExcepturi eveniet rerum ea ab velit. Nihil dolore itaque dolore autem sit aut illum. Labore qui aut et hic.'),unistr('Ipsum quos sapiente fuga aspernatur sit. Qui perspiciatis libero aut ullam sit. Nisi delectus et nulla deserunt. Eaque voluptatem aliquid ea magnam odio qui quisquam.\u000a\u000aEt repellendus velit voluptates consequatur similique quis enim. Id ipsam laborum necessitatibus enim dolor nisi quis. Est nobis et quaerat.'),1,'2026-03-14 06:14:16','2026-03-14 06:14:16');
INSERT INTO courses VALUES(11,'Rob115','Programming for Collaborative Robots','covers/quaerat-iusto-ad.jpg',unistr('Dicta explicabo quo dignissimos sit ratione sequi quibusdam occaecati. Quis dolor quia rerum et cumque doloremque qui qui. Voluptatem quo dolorem sunt qui et natus ab nesciunt. Magnam provident quaerat ut id explicabo.\u000a\u000aDolores inventore in quisquam velit ut esse. Praesentium adipisci accusamus nihil sunt et consequatur et. Laudantium sed laboriosam voluptatem assumenda labore dolore voluptatem praesentium.\u000a\u000aMolestiae asperiores dolorem voluptatem maxime eligendi. Qui et et reprehenderit aut. Excepturi odio quia eaque harum numquam consequatur. Voluptas et nihil harum consequuntur sunt.'),unistr('Ullam voluptatem autem molestiae illum quia. Autem voluptatem odit nihil quis enim animi. Eos cumque iure iusto quam. Deleniti velit ullam consequatur.\u000a\u000aVeniam voluptas totam consectetur neque veniam. In sed nihil eaque libero voluptas. Beatae provident et temporibus eum doloribus assumenda nihil quaerat.'),3,'2026-03-14 06:14:16','2026-03-14 06:14:16');
INSERT INTO courses VALUES(12,'Rob116','Control Systems for Arduino','covers/molestias-consequatur-alias-enim.jpg',unistr('Cumque eligendi qui aut blanditiis. Fugiat deleniti est molestiae est quo velit debitis. Laboriosam modi voluptatem magnam aut.\u000a\u000aEaque facilis et alias aut qui. Sint et cupiditate sapiente deserunt quo aspernatur exercitationem. Odio est sit voluptate et consectetur. Voluptatum temporibus rerum sequi voluptatum.\u000a\u000aVeritatis excepturi itaque illo soluta. Quaerat quidem sit sit quis tempore iste. Vitae quae doloribus iure sint.'),unistr('Et harum illo illo eveniet repellat quo. Explicabo est asperiores odit deleniti qui. Perspiciatis nihil ut occaecati aut laboriosam voluptatem.\u000a\u000aAliquid esse quia pariatur dolore consectetur omnis nihil. Quidem reiciendis repudiandae quis quo. Dolores enim quaerat at adipisci quibusdam eius adipisci. Qui quisquam sapiente voluptas consectetur optio quod.'),2,'2026-03-14 06:14:16','2026-03-14 06:14:16');
INSERT INTO courses VALUES(13,'Rob117','Principles of Robotics','covers/voluptate-est-possimus.jpg',unistr('Dignissimos possimus amet at tenetur delectus repudiandae. Quo eligendi accusamus qui debitis voluptas. Qui molestias sed ea harum voluptatem facilis. Ut ut et nihil et placeat modi.\u000a\u000aProvident qui odio quis ducimus. Corporis rerum doloribus nesciunt modi cum illum aut eum. Quia vitae eos aliquam ut corrupti.\u000a\u000aEos vero et facilis asperiores et. Culpa quae qui et sit praesentium ex ad. Ab sit qui ad fugiat nihil sit ut.'),unistr('Nihil ullam alias omnis molestiae. Et excepturi eum eos maxime. Consequatur aut et et voluptas et voluptatem. Ipsam omnis ullam incidunt dolorem voluptatem et.\u000a\u000aRatione consequatur iste suscipit corrupti voluptatem ut dolores blanditiis. Totam debitis et aut ea. Odio similique necessitatibus perspiciatis enim est maiores omnis. Repellendus dolor ut quisquam non similique. Voluptatem sed numquam quos ea quaerat officia vero.'),1,'2026-03-14 06:14:16','2026-03-14 06:14:16');
INSERT INTO courses VALUES(14,'Rob118','Design with Arduino','covers/est-rem-consequatur.jpg',unistr('Voluptas et et et autem. Asperiores iusto consectetur beatae deserunt sed natus sed eum. Excepturi odio recusandae iure pariatur est nam excepturi.\u000a\u000aQuod accusamus aperiam quam cupiditate. Iusto rerum excepturi sapiente aliquam consectetur. Voluptatum nihil est accusamus aperiam cumque nihil dolor fugit.\u000a\u000aNobis non et esse. Autem earum eum placeat sint fuga. Et nam porro sit et.'),unistr('Corporis nostrum autem non qui. Necessitatibus distinctio illum possimus ad iusto voluptatem. Vitae pariatur velit aliquid et explicabo non. Illum asperiores voluptatum consequatur aut voluptates ratione nihil.\u000a\u000aSoluta cupiditate odit facilis omnis molestiae accusantium consequuntur. Praesentium iusto dolores sunt et. Quia inventore quo voluptate quod.'),1,'2026-03-14 06:14:16','2026-03-14 06:14:16');
INSERT INTO courses VALUES(15,'Rob119','Introduction to Robot Kinematics','covers/molestias-porro-doloribus.jpg',unistr('Et officiis eos perspiciatis qui quas. Ut fugit sit in. Et eligendi et voluptatem est ea id provident reprehenderit. Velit iure similique dignissimos laudantium fugit deleniti.\u000a\u000aVel labore voluptas voluptatem eum. Odit ipsam beatae quaerat voluptas omnis dolores consequatur. Labore mollitia recusandae quia.\u000a\u000aSaepe quod autem beatae explicabo. Quo id quas rerum doloremque sunt. Quidem quam amet quo omnis corporis corporis laborum. Ex quod voluptatem atque earum. Veritatis aut quia aperiam consectetur illum.'),unistr('Eveniet ex autem porro placeat sit cumque minima. Quasi qui eos sit omnis numquam quis nihil. Ipsum maiores totam voluptatibus repellat veniam officiis deleniti voluptatem. Officia consequatur corrupti assumenda quidem perspiciatis rerum et. Nisi quae enim pariatur tempore ab qui perspiciatis.\u000a\u000aEt nihil eius rerum dolorem ut. Voluptate dolore nesciunt omnis sunt perferendis. Qui eaque reiciendis eos rerum quia occaecati.'),2,'2026-03-14 06:14:16','2026-03-14 06:14:16');
INSERT INTO courses VALUES(16,'Rob120','Fundamentals of Collaborative Robots','covers/culpa-sequi-repudiandae-veritatis-quae.jpg',unistr('Facere voluptatibus voluptatem et. Quaerat voluptatum doloremque qui minima placeat. Quia earum est quas voluptas. Quisquam quia soluta ut aperiam facere.\u000a\u000aAutem eligendi suscipit nam voluptas aut. Suscipit dolores minus vel provident aperiam accusamus amet. Corporis quibusdam consequatur et dolore corporis sequi. Aut quo ut voluptate et dolor dignissimos laudantium.\u000a\u000aEos eos et aut ea. Dolor dolorum culpa earum tenetur beatae quis. Voluptates omnis soluta inventore voluptas ipsa. Consequatur dolorem deserunt provident totam.'),unistr('Aut quia sit quibusdam aperiam aut exercitationem. Omnis quo officia ut saepe omnis molestiae aut. Harum recusandae voluptas excepturi et maiores optio sunt ut. Dolor delectus est est voluptatum perspiciatis. Non consequatur aspernatur et velit natus impedit voluptatem.\u000a\u000aVeritatis excepturi sint optio voluptatem soluta laudantium consequuntur. Quos labore sed minus eos saepe cum ex. Quidem corrupti nihil beatae et esse.'),3,'2026-03-14 06:14:16','2026-03-14 06:14:16');
INSERT INTO courses VALUES(17,'Rob121','Advanced Machine Learning','covers/perspiciatis-sapiente-aspernatur.jpg',unistr('Deleniti voluptatum sunt dolor est id sint. Sunt doloremque autem nobis deserunt et. Molestiae qui soluta qui. Enim odio et magnam iste eos velit numquam.\u000a\u000aIllum ex delectus illo sint voluptas odit eaque ea. Qui sunt earum iusto. Consequatur quae quae repudiandae.\u000a\u000aNobis natus mollitia nostrum quis non ut. Neque iure iste omnis ut beatae accusamus. Veniam cum est dolorum voluptatem molestiae qui.'),unistr('Occaecati magnam voluptatem sint sit aut. Sit cupiditate delectus illo voluptatem suscipit earum et mollitia. Eius voluptatem quo reiciendis ipsum et consequatur. Quaerat dolores ab voluptatem accusantium magnam ut fuga error. Commodi incidunt excepturi magni corporis sequi repudiandae.\u000a\u000aIn expedita fugiat ea dolorem. Eaque laudantium aut qui porro.'),3,'2026-03-14 06:14:16','2026-03-14 06:14:16');
INSERT INTO courses VALUES(18,'Rob122','Programming for Computer Vision','covers/necessitatibus-accusamus-architecto-recusandae.jpg',unistr('Est sunt cum vero ut reprehenderit. Asperiores accusamus esse unde impedit ea rerum. Sit fuga placeat aut nostrum sint eaque omnis occaecati. Ad omnis suscipit esse nulla.\u000a\u000aQuia illo ullam impedit recusandae et at voluptatum. Quia ut beatae qui laborum officiis nihil sunt. Et ea possimus sit autem et officia earum. Repudiandae eum ullam id ab dolores.\u000a\u000aNecessitatibus velit ipsa sit laboriosam neque tempore. Eos reiciendis quia ut ut deserunt officiis dolor. Quos non non modi.'),unistr('Eligendi ipsa pariatur consequuntur dicta illo repudiandae. At commodi et esse consectetur iste ullam. Ut ea sint vel repudiandae quia tempora. Similique amet eos ad laboriosam impedit eos voluptatem.\u000a\u000aQuisquam quasi praesentium ab voluptas aut neque. Expedita quia officia rerum officia animi rem omnis. Minima provident aut vel modi ut.'),3,'2026-03-14 06:14:16','2026-03-14 06:14:16');
INSERT INTO courses VALUES(19,'Rob123','Design with Industrial Robots','covers/aspernatur-ex-possimus.jpg',unistr('Libero nemo officiis et autem saepe voluptatum. Aspernatur consequuntur harum et fugiat debitis. At eaque quia quas ut sequi reprehenderit. In perspiciatis voluptatem consequatur accusantium.\u000a\u000aQuae autem eos hic error nostrum non ab. Nam minima qui quae natus quia est voluptatem officia. Nesciunt ad velit quos sunt eius unde. Culpa laboriosam eos quis eos optio.\u000a\u000aEnim architecto porro saepe nulla quas. Dolorum eum ut ipsum temporibus quo enim. Et labore aliquid necessitatibus odit qui corrupti et eligendi. Quis non pariatur ut molestiae molestiae veritatis est.'),unistr('Exercitationem hic fugit officiis. Ut consectetur adipisci omnis laborum. Cupiditate sunt odit sequi nihil facere.\u000a\u000aConsequatur provident a enim nobis eos. Sit sit quia placeat voluptatibus voluptatem. Ut ut sequi et inventore quo nihil.'),1,'2026-03-14 06:14:16','2026-03-14 06:14:16');
INSERT INTO courses VALUES(20,'Rob124','Control Systems for Path Planning','covers/eos-fugit-hic.jpg',unistr('Dolor ullam aperiam ea voluptas. Praesentium nulla molestias aut id qui. Voluptatem repudiandae id eaque tempora autem deleniti delectus. Est in asperiores ut est sit ea.\u000a\u000aTemporibus quibusdam nesciunt placeat dolorem. Vero hic quia omnis atque facilis est veritatis eaque. Accusantium recusandae fugit ad et et repudiandae. Aperiam et dolorem ipsam.\u000a\u000aDeleniti expedita facere iure molestiae. Ut esse voluptatem accusantium enim est aliquid eligendi.'),unistr('Illum ut nesciunt quisquam quos vitae velit facere. Commodi magni nihil ut maiores. Et est minima et aut nisi sed enim. Consequatur minus vel doloremque voluptatem quia ex quia.\u000a\u000aFuga voluptates dolores accusantium adipisci sunt et enim. Et magnam quo sed eaque. Assumenda vel voluptates aut.'),1,'2026-03-14 06:14:16','2026-03-14 06:14:16');
INSERT INTO courses VALUES(21,'Rob125','Introduction to Path Planning','covers/excepturi-blanditiis-debitis-accusamus.jpg',unistr('Quas explicabo enim ducimus doloremque provident qui qui. Autem debitis sunt saepe qui. Consequuntur incidunt aliquam dolor consequatur et architecto vitae ea. Molestias soluta autem voluptatem mollitia accusantium porro.\u000a\u000aAccusantium cumque quia architecto molestias quisquam ea ut. Dolor dolor est earum aut id culpa.\u000a\u000aInventore fuga tenetur odio id. Quo ipsam rem ut repellat dolor aut veniam.'),unistr('Sint deserunt dolore rerum non. Provident quae quia dolor. Hic omnis libero corrupti cum beatae rerum. Illum dolor sed amet aut quidem quia optio.\u000a\u000aNihil laboriosam quibusdam voluptatem sit ipsam dolor eum vel. Qui in ipsum sed at dolore repellat. Ut dolorum natus molestiae assumenda sunt omnis eos.'),2,'2026-03-14 06:14:16','2026-03-14 06:14:16');
INSERT INTO courses VALUES(22,'Rob126','Programming for Artificial Intelligence','covers/eum-sit-qui.jpg',unistr('Voluptatem iure et non harum expedita asperiores quo. Voluptas quia culpa velit dignissimos eligendi sed illo. Deserunt sit est eos est voluptatem.\u000a\u000aOfficiis voluptatum nesciunt cupiditate molestias et nobis ipsum. Debitis quia voluptatum repellat voluptatem. Autem qui ex est id optio. Consequatur sequi ut velit laboriosam. Tempore est sit nihil et assumenda eos est.\u000a\u000aVel expedita provident id consectetur corrupti. Nam numquam nobis nam placeat tenetur similique ratione. Repellendus similique non magnam aspernatur dolorem. Natus culpa non odio deleniti unde at.'),unistr('Mollitia est facere earum quo voluptate suscipit temporibus. Alias ab impedit velit magni. Ducimus debitis necessitatibus vero ab fuga. Ipsam odit quis quisquam quo quia aut recusandae incidunt.\u000a\u000aAliquid eveniet et in nam sunt rem autem. Debitis enim ut alias et molestiae. Eos dolor enim similique. Dolorem accusamus suscipit eos et rerum sed.'),1,'2026-03-14 06:14:16','2026-03-14 06:14:16');
INSERT INTO courses VALUES(23,'Rob127','Introduction to Raspberry Pi','covers/libero-sed-eveniet-aut.jpg',unistr('Nisi qui quod adipisci reprehenderit ipsam dolores. Et fugit omnis repellat qui non est aut. In quidem et voluptatem consequuntur magni eius placeat.\u000a\u000aAut maiores optio saepe. Illum qui aut molestiae dolores. Voluptates in dolor excepturi tempore vitae sed.\u000a\u000aVero eos odit enim voluptas quasi magnam consequatur veniam. Consequatur est occaecati cum quam provident.'),unistr('Dolores quis velit quod ut amet ea non totam. At reprehenderit voluptatibus asperiores ut doloremque autem. Pariatur aut rerum aliquam sunt reprehenderit aliquam nulla.\u000a\u000aReiciendis accusantium maxime optio deleniti quia modi quae soluta. Qui similique et odio neque. Qui amet qui aliquid.'),3,'2026-03-14 06:14:16','2026-03-14 06:14:16');
INSERT INTO courses VALUES(24,'Rob128','Programming for Path Planning','covers/corporis-maxime-et-molestias.jpg',unistr('Id sit dolores voluptatem omnis. Atque sunt soluta fugit doloremque ex ut suscipit. Blanditiis hic ea ex.\u000a\u000aAspernatur adipisci dolor dolores laudantium ab ut officiis. Quia nihil asperiores assumenda optio aut qui. Aut doloribus nesciunt eius sint qui. Est consequatur voluptatem repellat deleniti veritatis tenetur et.\u000a\u000aVoluptatem asperiores est reprehenderit impedit sit blanditiis voluptatum. Possimus distinctio hic et nihil est ratione. Cumque blanditiis quis officia ut quibusdam eum harum.'),unistr('Deleniti placeat alias sed officia dolor soluta ratione. Maiores voluptatibus a sed corporis. Earum commodi architecto sunt in dolorem quasi autem. Numquam et temporibus deserunt ut ut. Qui excepturi ipsa tempora doloremque quam deleniti enim.\u000a\u000aConsequuntur repudiandae enim cupiditate corrupti non. Est ut sint voluptates inventore et iusto accusamus. Id nostrum eaque consequuntur saepe quasi eius et.'),1,'2026-03-14 06:14:16','2026-03-14 06:14:16');
INSERT INTO courses VALUES(25,'Rob129','Applied Servo Motors','covers/dolorem-illum-nisi-ullam.jpg',unistr('Doloremque dolores et facilis consectetur ducimus ut fuga quos. Ut quo minus cupiditate reiciendis. Est nesciunt molestias quos animi. Voluptas voluptatibus veniam perspiciatis aut.\u000a\u000aVoluptatem sint pariatur distinctio asperiores consequuntur eaque. Voluptas blanditiis aliquid sed occaecati facere ducimus. Ut commodi hic accusantium iste quasi praesentium.\u000a\u000aQui quasi in placeat impedit consequuntur. Qui aspernatur molestiae nihil ut aliquid incidunt aperiam. Est aut cupiditate est quis consequatur optio veniam aut.'),unistr('Iure ut nihil molestias architecto totam. Ut nesciunt quibusdam molestiae labore ea. Illum nihil perspiciatis harum dolor illo sed. Et sapiente eligendi voluptas est voluptatem.\u000a\u000aOfficia voluptas dignissimos praesentium expedita. Id alias repellat dicta illo veritatis sunt laborum. Cupiditate aperiam molestiae quam ut voluptatem maxime voluptatem.'),2,'2026-03-14 06:14:16','2026-03-14 06:14:16');
INSERT INTO courses VALUES(26,'Rob130','Control Systems for Servo Motors','covers/recusandae-suscipit-vel.jpg',unistr('Ex doloribus consequatur adipisci sit unde odio adipisci qui. Minus accusamus exercitationem qui sit assumenda. Consequuntur et quis qui nostrum sequi.\u000a\u000aRepellat quia molestias quibusdam neque occaecati. Aut asperiores voluptatibus soluta. Quaerat impedit at fugiat molestiae in maxime. Nam voluptate omnis consequatur consequatur tempore quos ratione.\u000a\u000aQuaerat facere natus voluptatem qui excepturi consequatur. Explicabo non aperiam aut.'),unistr('Possimus et consequuntur vero fugiat ut qui repellendus. Similique et voluptas nihil sed. Explicabo ut corporis rem natus dolores sit amet.\u000a\u000aVoluptate molestias nemo amet eos inventore sunt dolorem. Nihil sunt aut quia dolorem nemo dolorem quam. Corrupti omnis vero pariatur sit. Sit consequuntur ex velit.'),1,'2026-03-14 06:14:16','2026-03-14 06:14:16');
INSERT INTO courses VALUES(27,'Rob131','Principles of Embedded Systems','covers/totam-repudiandae-ea-quos-sit.jpg',unistr('Dolorem voluptatem aliquid officia sequi. Adipisci a ex quis. Ratione eius ut laudantium recusandae et blanditiis sunt. Quis officia rerum vero.\u000a\u000aRerum et ut est et ab amet. Nisi id qui ut. Iure reiciendis ea fugiat ut tempora dolor.\u000a\u000aAccusantium omnis odio sequi sit. Delectus dolore voluptatibus neque sint eum. Velit cupiditate et non temporibus ut delectus expedita. Qui dolore laboriosam laboriosam similique ducimus fugiat. Quidem aut quia corrupti in consequatur sint possimus.'),unistr('Quia provident aspernatur magnam. Numquam quis ut reiciendis. Qui omnis qui necessitatibus. Ut sunt neque et inventore tempore accusamus.\u000a\u000aNemo mollitia aut harum quia voluptas exercitationem deserunt vitae. Earum corporis placeat magnam ut. Alias possimus iusto tempore rerum alias doloremque non beatae. Libero quis totam quaerat ea saepe facilis.'),2,'2026-03-14 06:14:16','2026-03-14 06:14:16');
INSERT INTO courses VALUES(28,'Rob132','Programming for Raspberry Pi','covers/rerum-consequatur-ut-dolores.jpg',unistr('Rerum nobis quas blanditiis quo placeat id est. Nihil molestiae repellendus reprehenderit fuga ex. Facere voluptas eius voluptatem nihil unde. Ut in quia veritatis.\u000a\u000aMagnam est nihil sit. Magnam et necessitatibus eum perferendis. Molestiae quis cum suscipit sequi inventore fugit nostrum. Nam accusantium ea quo sit quos quibusdam non. Placeat magni accusamus facere rerum veniam aut dolorem sint.\u000a\u000aConsequatur nobis nihil quam qui sed enim. Quod est amet fuga ipsam consequatur hic ea. Sed adipisci omnis sint eum et adipisci. Fugiat mollitia qui deleniti est ratione.'),unistr('Fugiat atque voluptatum quia nihil. Quis iure voluptatem quia dolorem magnam dolores consequatur. Inventore repudiandae cumque saepe eum iure voluptatem.\u000a\u000aDeserunt et repudiandae saepe alias fugiat aut modi. Quia totam modi vero accusamus et ut iusto. Beatae ut laboriosam ad sequi nostrum temporibus omnis.'),2,'2026-03-14 06:14:16','2026-03-14 06:14:16');
INSERT INTO courses VALUES(29,'Rob133','Advanced Path Planning','covers/sequi-quibusdam-omnis.jpg',unistr('Qui iste aliquid voluptas ex dicta. Et accusamus optio labore quia nobis nemo. Officia eos optio et.\u000a\u000aDoloremque nesciunt ut officiis inventore. Occaecati consequatur est quo optio facilis corporis. Qui praesentium fugiat excepturi ab. Mollitia voluptas dolor pariatur laboriosam accusamus eos.\u000a\u000aHarum quae fugiat voluptatem nemo. Voluptas voluptas soluta corporis voluptatibus corporis quisquam. Dolor est ab eaque similique rerum est.'),unistr('Ut voluptas neque earum quos dolores sit autem. Amet qui ex est unde cumque. Nihil cumque omnis non eligendi.\u000a\u000aDolorem animi dolor quia et ipsum. Et voluptas vel quibusdam omnis dicta. Ea voluptatem nulla molestiae odit quia inventore officia. Maiores iure commodi explicabo enim sed harum eaque.'),3,'2026-03-14 06:14:16','2026-03-14 06:14:16');
INSERT INTO courses VALUES(30,'Rob134','Sensors in Embedded Systems','covers/aliquid-explicabo-molestiae-reprehenderit.jpg',unistr('Laborum voluptatem assumenda illum ea necessitatibus. Nihil odit officia omnis qui fugiat molestiae. In eos voluptatem molestias dolores non. Saepe reiciendis perspiciatis rerum totam. Dignissimos culpa eius delectus magnam et exercitationem perferendis.\u000a\u000aA officia ut quo dolorem. Nihil eligendi et ea cum unde tempore et. Facilis labore vitae neque distinctio.\u000a\u000aEst tempora sed numquam aliquid tenetur aliquid. Consequatur aliquam ea voluptas magni cumque reprehenderit omnis reiciendis. Autem eveniet veritatis esse maiores.'),unistr('Illo nisi et quia nesciunt natus qui accusamus. Vel quos totam tenetur ut natus et. Explicabo alias non odit quia cupiditate. Molestiae ab blanditiis dicta eum.\u000a\u000aQui quibusdam nemo est nihil asperiores. Aut reprehenderit voluptatum aut. Magnam neque impedit error voluptas.'),2,'2026-03-14 06:14:16','2026-03-14 06:14:16');
INSERT INTO courses VALUES(31,'Rob135','Applied Machine Learning','covers/nostrum-aspernatur-porro.jpg',unistr('Aut placeat nihil ipsum dolor qui aut nobis facilis. Labore unde id aperiam dolorum distinctio. Molestiae autem voluptas perferendis quos laborum. Aut et occaecati id mollitia sit cumque.\u000a\u000aConsequatur nihil provident veniam cum asperiores. Doloribus laudantium odio non rerum minus doloremque quia. Fuga dolor reiciendis consectetur eveniet aliquid perspiciatis. Sint voluptatibus animi alias.\u000a\u000aEius modi ea repellendus assumenda eum eos nam. Nam alias modi veritatis. Voluptas deserunt nostrum illo accusamus vero.'),unistr('Ut quia necessitatibus non quia. Sapiente dolorem optio et laudantium. Pariatur et sint et ducimus quis id. Dolores rerum inventore asperiores labore dolore est distinctio explicabo.\u000a\u000aArchitecto sed iusto odit enim eaque iusto. Eveniet quo ut pariatur. Incidunt temporibus amet est consectetur.'),2,'2026-03-14 06:14:16','2026-03-14 06:14:16');
INSERT INTO courses VALUES(32,'Rob136','Programming for Robot Kinematics','covers/odit-fugiat-reprehenderit-blanditiis.jpg',unistr('Suscipit ea voluptatum ipsa quis aut qui exercitationem quo. Eveniet qui esse eum rerum. Voluptatibus eligendi molestiae ducimus unde velit quaerat accusantium. Mollitia sit quisquam quo sed vel aut non.\u000a\u000aVelit aut et commodi et dolorem consectetur. Eum aut deserunt ut nisi tenetur.\u000a\u000aNam quam ut rerum nulla qui vero. Nisi minima sit ab ipsum repudiandae. Cumque aut quae tempore id debitis atque sit.'),unistr('Quisquam libero sunt aut sint consequuntur rem ut. Architecto ab sint nam dignissimos architecto est. Error ducimus voluptas praesentium placeat doloremque cumque temporibus rerum. Occaecati quasi earum id modi soluta aut eius.\u000a\u000aEst officiis pariatur et cumque sed facere natus. Ut occaecati voluptas sit voluptas ipsam ipsum qui. Quo aliquam ad facere. Eum ut omnis aut occaecati libero ut nemo. Autem consequatur rerum nihil perferendis minus.'),2,'2026-03-14 06:14:16','2026-03-14 06:14:16');
INSERT INTO courses VALUES(33,'Rob137','Automation with Raspberry Pi','covers/at-dolor-eaque-vel-animi.jpg',unistr('Aut qui esse eum facere. Et voluptas et eveniet voluptatem.\u000a\u000aEt qui ut eligendi id et amet nostrum aliquam. Suscipit distinctio saepe dolorem vero eum rerum.\u000a\u000aVeritatis fugiat voluptatem consequatur deserunt a perspiciatis. Doloremque molestiae doloremque molestias dolorum ut.'),unistr('Aut quia qui sed soluta. Reprehenderit qui ullam accusamus illo autem. Praesentium corporis sit consequuntur velit non enim nostrum autem.\u000a\u000aDeserunt voluptatem iusto dolorem vel id. Sint reprehenderit qui sunt rerum qui. Ut dignissimos ex sint beatae ex tempora enim.'),1,'2026-03-14 06:14:16','2026-03-14 06:14:16');
INSERT INTO courses VALUES(34,'Rob138','Sensors in Machine Learning','covers/error-recusandae-sed-voluptatem.jpg',unistr('Quia recusandae alias quia maxime ipsum esse. A quaerat voluptatum et. Quia rem autem ipsa quod. Odit harum quasi ad sed.\u000a\u000aVelit qui dolorum omnis recusandae. Vel delectus eos autem asperiores et quas dolor. Delectus odit amet dignissimos enim quia sed et aut.\u000a\u000aPlaceat sed dignissimos et. Nam voluptatem ut perspiciatis veniam. Aut eos ea non deserunt laborum quibusdam dignissimos reprehenderit.'),unistr('At tenetur optio autem placeat qui esse. Est voluptatem quam dicta laudantium minima et est. Similique ut nulla reiciendis consequatur. Voluptatem aperiam non dolores architecto suscipit cumque exercitationem ratione.\u000a\u000aQuo quia labore consequatur atque facilis. Hic corrupti a provident ipsum consequuntur ut. Veniam recusandae temporibus laboriosam atque nihil fuga aut quam. Velit aut beatae quo harum.'),2,'2026-03-14 06:14:16','2026-03-14 06:14:16');
INSERT INTO courses VALUES(35,'Rob139','Fundamentals of Artificial Intelligence','covers/consequuntur-eaque-voluptas-vitae.jpg',unistr('Est maiores earum aut voluptatem nobis hic. Animi quos alias totam exercitationem doloribus. Doloribus tempora consequatur soluta beatae illo vel quo. Nostrum in aut quos sequi incidunt fugit.\u000a\u000aMolestiae illo accusantium quia numquam cumque. Sed ullam porro ullam laborum debitis. Ut aperiam placeat quia. Consequatur quia qui et similique et aut adipisci ipsa. Consequuntur dignissimos et dolorum voluptatem sapiente est expedita.\u000a\u000aQuas ea cumque et laborum nobis doloremque id. Atque ut soluta ratione dolores fugiat quia tempora. Quod voluptas in sunt dolorem qui et. Omnis et recusandae labore atque voluptatibus ipsam vel.'),unistr('Quod voluptatibus reprehenderit corrupti quis. Autem amet dolore voluptate aspernatur blanditiis unde accusantium. Eveniet dignissimos id culpa est enim. Sequi laborum nihil qui architecto.\u000a\u000aPorro est ea omnis fugit eos. Error aperiam et est magni numquam accusantium cum. Ullam cupiditate quisquam sint voluptatem officiis veniam aut.'),1,'2026-03-14 06:14:16','2026-03-14 06:14:16');
INSERT INTO courses VALUES(36,'Rob140','Sensors in Embedded Systems','covers/voluptate-in-officiis-expedita.jpg',unistr('Sed ipsa dignissimos esse cum. Recusandae tempora temporibus est ad. Animi sed eius quis et voluptas. Error quas dolorem consequatur rerum molestias reprehenderit.\u000a\u000aQuidem occaecati odit ad accusantium debitis sapiente laboriosam. Qui ut eos est dolores cupiditate vero consequatur sit. Et officiis nostrum sapiente ad ex itaque voluptatem.\u000a\u000aIncidunt dignissimos magni dolor dolores eveniet. Est perferendis sed beatae atque nihil.'),unistr('Aut repudiandae quas voluptatem qui rerum culpa doloremque consequatur. Enim iure voluptatum incidunt. Sed aut assumenda qui aliquid dolorum ullam voluptatem.\u000a\u000aEt eaque odio voluptates repudiandae cumque natus. Minima non et sunt autem. Esse omnis eos distinctio est et.'),1,'2026-03-14 06:14:16','2026-03-14 06:14:16');
INSERT INTO courses VALUES(37,'Rob141','Introduction to Industrial Robots','covers/labore-reiciendis-et.jpg',unistr('Repellendus vel est beatae dignissimos magnam. Soluta doloremque ratione distinctio dignissimos et. In non ea ab numquam. Optio aperiam sed optio quas ea laborum quod. Corporis praesentium quisquam voluptate rerum enim possimus iure consectetur.\u000a\u000aVoluptatem rem non excepturi pariatur voluptatibus est delectus nostrum. Qui et ut quis nobis.\u000a\u000aEnim quia occaecati quia sit. Quis quo accusamus qui iusto repudiandae. Sequi neque doloribus sed temporibus eveniet minus et nam. Aut illum consequuntur laborum ut eligendi occaecati voluptatem. Sit accusamus architecto dicta reiciendis hic.'),unistr('Voluptas officia et dolor nam laborum aut omnis. Aut commodi est odio officiis.\u000a\u000aAut ea autem cupiditate et sit optio expedita maxime. Eaque ut fugit deserunt qui quasi vel ipsum. Sit quod doloremque voluptatem dolor quaerat modi. Hic dolores rerum molestiae omnis ut. Vel est et hic suscipit.'),2,'2026-03-14 06:14:16','2026-03-14 06:14:16');
INSERT INTO courses VALUES(38,'Rob142','Principles of Robotics','covers/voluptatum-sit-sed-nesciunt.jpg',unistr('Perspiciatis autem similique rerum reiciendis dolorem nihil ducimus. Fugit quia voluptatibus aperiam nesciunt dolore eum. Hic quos repellendus in quibusdam repellat repellat nisi. Ad iste maxime architecto vitae suscipit.\u000a\u000aIn suscipit provident suscipit. Magnam quia enim voluptas et aut dolores reprehenderit qui. Aut labore et tempore ut suscipit. Ut dolorem enim commodi laboriosam quo necessitatibus voluptatem quidem. Et quam et asperiores earum harum enim mollitia.\u000a\u000aEst veniam quisquam autem autem. Iste totam blanditiis nulla. Modi delectus aliquid ea rerum est ducimus.'),unistr('Voluptatem modi molestias nihil exercitationem sit repudiandae. Distinctio dicta voluptas quasi provident. Non qui rerum deleniti quia ut corporis id deleniti.\u000a\u000aEt sunt velit culpa dolor quae et est. Iusto expedita maiores delectus deserunt. Voluptatem facilis dolorum fuga architecto eius vitae.'),1,'2026-03-14 06:14:16','2026-03-14 06:14:16');
INSERT INTO courses VALUES(39,'Rob143','Introduction to Robot Kinematics','covers/ut-illum-ullam-rerum-hic.jpg',unistr('Perspiciatis aut omnis et minima quia facilis. Ipsam explicabo ex quas fugiat quo. Enim quasi veniam sed odit quo natus. Eius dolorum quia harum et tenetur quia fugit.\u000a\u000aIllum rerum perferendis molestiae ad ex dolor culpa iusto. Possimus blanditiis sunt ullam veritatis ipsam autem. Provident mollitia qui nemo ut quia. Dignissimos voluptatem ipsam sit explicabo.\u000a\u000aCupiditate qui blanditiis itaque aliquid ut. Magnam quos consequatur perferendis aut est. Ipsa suscipit quos nobis laborum ad nisi et hic. Autem aliquam ut qui voluptate.'),unistr('Voluptas sequi et ut eum. Et rerum et autem. Ad aspernatur ea dolor in dolores quia aut.\u000a\u000aQuibusdam illo error aut cupiditate quos. Voluptas aut sit maxime aut perferendis ea. Nemo ut nihil dignissimos laudantium rerum.'),3,'2026-03-14 06:14:16','2026-03-14 06:14:16');
INSERT INTO courses VALUES(40,'Rob144','Applied Collaborative Robots','covers/optio-quod-vero-ipsam.jpg',unistr('Libero dolorum nihil facilis voluptatem et vel voluptas a. Omnis et mollitia consequatur culpa ex.\u000a\u000aMaxime dignissimos necessitatibus placeat minima animi recusandae omnis. Nesciunt quia qui ipsa illum. Et maiores perferendis est culpa natus. Minus perspiciatis dolorum eos est. Inventore et illum eius.\u000a\u000aOdit quia consequatur perspiciatis error ut nesciunt. Recusandae deserunt dolorem in corrupti temporibus. Ratione aut ratione sequi id excepturi dicta et consequatur. Ut animi a est nam.'),unistr('Velit id molestiae perferendis sint officia quod. Officiis ut ducimus dolorem. Vel corrupti saepe in fugit. Necessitatibus distinctio sint enim voluptas tempore eveniet.\u000a\u000aId quo deserunt debitis ab. Nulla optio perferendis quia nulla. Corrupti praesentium mollitia cupiditate eius sed numquam.'),3,'2026-03-14 06:14:16','2026-03-14 06:14:16');
INSERT INTO courses VALUES(41,'Rob145','Sensors in Automation','covers/voluptatem-reiciendis.jpg',unistr('Sapiente qui ut totam ea. Optio nemo repudiandae eligendi culpa. Qui corrupti hic animi. Qui qui doloremque commodi.\u000a\u000aSint quaerat et aut dolor reprehenderit pariatur sint. Quo quia architecto eaque omnis. Temporibus aut libero accusamus libero nihil est.\u000a\u000aIn id dicta similique nihil quidem ut quia. Mollitia eligendi ab et at eligendi voluptatem ratione. Facere consequatur rerum veritatis.'),unistr('Rem nihil officia earum perspiciatis. Velit sapiente fugit harum molestiae recusandae. Eum unde autem rerum et et dicta.\u000a\u000aEos qui dignissimos soluta numquam ut et. Qui et numquam voluptate eveniet quos magnam itaque. Quo qui quaerat quaerat sed.'),2,'2026-03-14 06:14:16','2026-03-14 06:14:16');
INSERT INTO courses VALUES(42,'Rob146','Principles of Artificial Intelligence','covers/quod-harum-eum-magni-assumenda.jpg',unistr('Vero quasi minima molestias sequi amet earum. Repellat ut quibusdam nemo sit iste iste. Sed perspiciatis sit id quia enim possimus aut.\u000a\u000aEt est non ipsam excepturi ut consequatur. Porro laudantium libero ratione voluptate et asperiores saepe fuga. Veniam sint ipsa sit impedit. Alias nulla rerum fugit aut cumque consequatur.\u000a\u000aFacere doloribus quia rerum rerum. Sint illum commodi repudiandae iure dolor fugiat aut. Voluptates quaerat maiores error nam.'),unistr('Id quia ex et sapiente dolore. Minus iusto consequatur odio dolores totam voluptatem. Omnis laudantium optio et qui. Animi esse est praesentium aliquam sit impedit.\u000a\u000aError sit autem rem aperiam optio. Necessitatibus reiciendis consectetur neque voluptatibus. Aliquam dolores perferendis excepturi recusandae repellendus asperiores officia. Repudiandae velit commodi minus eligendi.'),1,'2026-03-14 06:14:16','2026-03-14 06:14:16');
INSERT INTO courses VALUES(43,'Rob147','Control Systems for Artificial Intelligence','covers/dolor-pariatur-maxime.jpg',unistr('Ut necessitatibus qui sunt at. Dolore eum esse aut aut illo quo. Ipsam sint aut esse quasi voluptatem repellat voluptatem nobis. Et eum quasi non reprehenderit sint rerum.\u000a\u000aNon modi velit inventore quia. Labore placeat quaerat animi eos quam itaque. Consequuntur quisquam nostrum debitis ut quis iste voluptatibus laboriosam.\u000a\u000aEsse voluptate dignissimos eum quibusdam sapiente sed. Ut dolor voluptatem natus ut vel aperiam. Libero tenetur quas voluptatem. Minus voluptatibus voluptate aliquam.'),unistr('Incidunt repellendus et cum ut suscipit occaecati rerum nemo. Dolor illum voluptatem deserunt ullam. Ut deserunt nihil eius maiores enim commodi. Velit omnis ullam ex ut deserunt cum.\u000a\u000aDebitis molestiae voluptas debitis asperiores veniam ut vel. Et ab iure dolorem eaque eveniet aut eum magnam. Aut quas nesciunt ex sit itaque laudantium saepe. Eligendi voluptatem dolore nihil aut laudantium hic a.'),1,'2026-03-14 06:14:16','2026-03-14 06:14:16');
INSERT INTO courses VALUES(44,'Rob148','Applied PLC Programming','covers/est-minus-voluptates.jpg',unistr('Natus voluptatem optio nobis aut nesciunt dolores. Ipsa eius corrupti hic vitae commodi. Dolor repudiandae dolorem saepe sint ea. Eligendi voluptatem voluptas vero velit.\u000a\u000aDolorum ut quod exercitationem. Voluptas incidunt quo libero inventore et esse est. Quae voluptatibus voluptas enim dolorem. Sit corrupti assumenda voluptatem amet voluptatem aliquid placeat.\u000a\u000aCommodi nulla ut commodi et temporibus nihil. Dolor occaecati quo dolorem dignissimos exercitationem. Harum suscipit mollitia voluptatem tempora est ipsam et. Impedit dolores commodi molestiae officia facilis distinctio consequuntur cumque.'),unistr('Consequuntur similique aspernatur aut enim dignissimos distinctio quia. Qui rerum facere ea eaque et fuga.\u000a\u000aEos molestias accusamus sunt modi numquam velit. Ratione et vel ex. Veniam qui quos laudantium. Alias commodi corporis quibusdam aut earum.'),1,'2026-03-14 06:14:16','2026-03-14 06:14:16');
INSERT INTO courses VALUES(45,'Rob149','Control Systems for Robot Kinematics','covers/consectetur-error-sed.jpg',unistr('Id quo amet amet non officiis doloribus aspernatur. Sed est veniam qui neque iste.\u000a\u000aMolestias dolor ipsa et. Libero unde tenetur repellendus et facilis culpa suscipit repellat. Voluptatem esse et impedit rerum. Architecto aliquid tempora est aut.\u000a\u000aSequi maxime voluptatem accusantium sunt. Iusto expedita sunt beatae quidem nihil. Accusantium et illo quo et laboriosam. Libero voluptatum qui sint expedita autem doloremque.'),unistr('Modi consequatur ea quas non minus laudantium praesentium. Facere officiis rerum illo odit ab aut quo ut. Rerum placeat corporis sit fuga neque.\u000a\u000aFacilis minus consequuntur et blanditiis. Eos non qui eveniet ab. Aperiam aut quibusdam veniam incidunt. Nulla nostrum veniam et maxime qui.'),1,'2026-03-14 06:14:16','2026-03-14 06:14:16');
INSERT INTO courses VALUES(46,'Rob150','Applied Industrial Robots','covers/cum-amet-qui.jpg',unistr('Officiis et sed quia tenetur voluptatem nemo labore. Voluptatem consequatur consequatur qui autem alias dolor modi. Nihil facilis aliquam doloribus eligendi.\u000a\u000aQuaerat itaque et ipsa ut autem eum itaque. Molestiae sed omnis laborum aliquam.\u000a\u000aItaque aut et rem eligendi dolorem. Dignissimos reiciendis ipsam ipsa beatae corporis qui. Non ipsum error deserunt odio praesentium delectus. Atque iste voluptas quod laudantium libero voluptas molestiae. Sed quia vel quam suscipit quisquam aut voluptatibus qui.'),unistr('Accusamus magni praesentium dolorem explicabo hic maiores nihil. Veniam expedita nostrum veritatis praesentium cum facilis dolores. Quaerat nostrum magni nostrum mollitia.\u000a\u000aIpsum animi aspernatur harum qui consequuntur rerum. Provident ducimus impedit fugiat. Delectus eum earum adipisci ratione sunt eos. Aut rerum sint voluptatem vero laborum corrupti.'),1,'2026-03-14 06:14:16','2026-03-14 06:14:16');
INSERT INTO courses VALUES(47,'Rob151','Design with Robotics','covers/vero-qui-aut-rem.jpg',unistr('Optio nulla corporis id dicta optio. Vitae quidem quia et possimus explicabo laborum dolorem fugiat. Debitis eum aperiam vel maxime atque ullam. Qui sapiente quo nulla consequatur fugit.\u000a\u000aEum cum est in dolorum. Dolor aperiam laboriosam officia dolorem quia. Consequatur voluptatibus sunt quia earum dolorem. Ut inventore repellat et est exercitationem temporibus molestiae hic.\u000a\u000aQuo quae neque unde odio. Necessitatibus impedit quaerat aut illo eum. Nostrum tempore qui ipsam reprehenderit illum voluptas. Nihil consequatur est ut. Repellat tenetur aut assumenda voluptate perspiciatis dolores.'),unistr('Nobis sapiente omnis eum velit veniam unde ab. Nemo ullam ipsa exercitationem libero et ipsa maxime doloremque. Quia consequatur vero odio cupiditate fuga voluptas eos est.\u000a\u000aDoloremque autem eveniet est ipsam illo. Quas harum alias iusto et. Culpa sint dolores soluta voluptas rerum odit. Nemo quia amet aperiam.'),1,'2026-03-14 06:14:16','2026-03-14 06:14:16');
INSERT INTO courses VALUES(48,'Rob152','Programming for Automation','covers/vel-eos-reiciendis-vel-nostrum.jpg',unistr('Repellat et aperiam dolore et sint omnis voluptatem. Nam autem atque in error sint.\u000a\u000aMaiores alias quia voluptatum sed. Qui aut explicabo eum nihil. Quae quia soluta odit qui vel. Repellat labore exercitationem earum molestiae ab maxime officia.\u000a\u000aOccaecati quam harum est voluptate et. Eum quam deleniti aut dolores deserunt consequuntur. Esse voluptatum aspernatur voluptatibus hic maiores qui adipisci.'),unistr('Facilis placeat incidunt sunt id accusamus non. Officia quo praesentium quidem qui provident ea. Est omnis veniam nesciunt culpa soluta alias provident. Enim ut mollitia dicta natus alias.\u000a\u000aVoluptatem tenetur atque iure corrupti blanditiis distinctio. Soluta tempore illum qui animi tempora similique tempore. Qui consequuntur explicabo ut voluptatibus est sit iusto. Ut labore autem sapiente quam sed enim. Reiciendis commodi aut facere dolores.'),2,'2026-03-14 06:14:16','2026-03-14 06:14:16');
INSERT INTO courses VALUES(49,'Rob153','Control Systems for Servo Motors','covers/nulla-perspiciatis-doloremque.jpg',unistr('Dolores quibusdam cum delectus velit aut nam. Sint non autem qui quod vitae dolorem earum quae. Quae delectus rerum commodi dignissimos ut veniam ratione.\u000a\u000aVoluptas corporis architecto quia et. Ut id sequi delectus earum eum id. Rerum quos ab necessitatibus odit. Ut consequatur hic rerum ut.\u000a\u000aCum ad qui id nostrum. Delectus aliquam sit dolores molestias est voluptatum. Recusandae dicta reprehenderit eos molestiae. Voluptate sit et aperiam ut cum.'),unistr('Itaque nam iure distinctio dolorem dignissimos. Corrupti nulla sint atque. Aliquam ducimus consequuntur quia perspiciatis. Exercitationem rerum necessitatibus ipsa.\u000a\u000aDolor earum qui aspernatur non nesciunt incidunt aliquam. Sit adipisci exercitationem placeat consequatur id. Vel incidunt sit assumenda ducimus odio voluptatum.'),3,'2026-03-14 06:14:16','2026-03-14 06:14:16');
INSERT INTO courses VALUES(50,'Rob154','Automation with Arduino','covers/quia-tenetur-porro-doloribus-asperiores.jpg',unistr('Sit laudantium voluptate perferendis id. Ipsa minima accusantium culpa et facilis. Non ipsum itaque modi aut labore beatae. Neque reiciendis ut aperiam voluptas occaecati.\u000a\u000aTempore excepturi expedita quaerat corrupti ad sint. Illo hic voluptatem enim voluptas corrupti delectus vel. Distinctio ut eaque aut molestiae voluptatem fugit omnis aut.\u000a\u000aUt accusamus est sint aut veniam illo. Aperiam molestias omnis officia ex est explicabo aspernatur. Praesentium et eius ducimus error corporis ducimus quia impedit. Temporibus repudiandae explicabo commodi nam assumenda in.'),unistr('Eum qui voluptas ad id quisquam. Id et cum excepturi sed. Culpa laborum ab commodi esse. Provident eligendi minima cupiditate cumque quia esse.\u000a\u000aEst sequi hic aut ad modi. Eaque quasi et facere.'),2,'2026-03-14 06:14:16','2026-03-14 06:14:16');
INSERT INTO courses VALUES(51,'Rob155','Fundamentals of Arduino','covers/dolorem-enim-deleniti-modi-expedita.jpg',unistr('In eius quas assumenda nostrum. In esse aliquid voluptatem blanditiis rerum non sed. Ratione eos fugiat error provident.\u000a\u000aExcepturi atque est recusandae minus non. Dolor qui officiis fugit ut. Rem ad ipsa voluptatum nostrum cupiditate itaque quia. Quod repellat et ea recusandae placeat.\u000a\u000aDebitis voluptas voluptatem perspiciatis molestias ipsam suscipit. Excepturi facilis illum suscipit temporibus quia dolores. Ut natus alias sit vel saepe.'),unistr('Dolore voluptatem nihil dolor et. Maxime quia sit unde in est alias ullam sed. Quibusdam culpa et nisi consequuntur. Sit velit rerum et molestias et facere.\u000a\u000aLaborum provident eum ab fugiat est inventore. Et omnis aut tempore minima. Veritatis est incidunt tempora possimus. Debitis inventore asperiores quae fuga itaque esse. Cupiditate hic vel nam ut.'),1,'2026-03-14 06:14:16','2026-03-14 06:14:16');
INSERT INTO courses VALUES(52,'Rob156','Applied IoT','covers/enim-harum-velit-doloribus.jpg',unistr('Omnis nulla explicabo magnam vitae. Excepturi maiores maxime tempora facilis nihil explicabo repellat. Quisquam consequatur eum sed nulla. Minus qui ab consequatur et reprehenderit.\u000a\u000aQuis officia nihil voluptas. Fugit consequatur eos ut occaecati. Impedit eum eaque quibusdam praesentium mollitia.\u000a\u000aVoluptas facere ipsa quo aliquid velit dolorum a. Rem eaque est aliquam nam voluptas qui. Dolor aut aliquam quod eum.'),unistr('A aperiam sunt iste consectetur quam in eveniet. Sunt modi et quidem maxime et est. Temporibus blanditiis ea sapiente. Repellat quae laborum recusandae quis voluptas expedita aspernatur.\u000a\u000aEt voluptates ex expedita non. Est consectetur deleniti alias sed aut hic non. Ducimus qui quibusdam aut natus quia.'),1,'2026-03-14 06:14:16','2026-03-14 06:14:16');
INSERT INTO courses VALUES(53,'Rob157','Design with Embedded Systems','covers/incidunt-laudantium-libero.jpg',unistr('Perferendis eveniet excepturi consectetur voluptate doloremque. Facilis facere ad quisquam quasi odio. Deleniti distinctio blanditiis at molestiae necessitatibus nam quo.\u000a\u000aIllo et sed ad quas reprehenderit. Et dolorem odit consequuntur deleniti. Alias nobis voluptatum voluptas ad et quasi id.\u000a\u000aRerum omnis nemo unde aut ex qui quia. Beatae in cupiditate dolore ut quas qui ullam. Non quo atque in. Nam tenetur sed atque rem illo qui doloribus fugit.'),unistr('Velit et necessitatibus porro quod ducimus qui doloribus doloremque. Commodi ut labore nisi.\u000a\u000aMinus non est asperiores quia ut aut dolorum architecto. Consectetur neque doloremque veniam dolores voluptatem consequatur sunt. Dolorem autem et quidem numquam adipisci. Aperiam alias suscipit provident est neque error.'),1,'2026-03-14 06:14:16','2026-03-14 06:14:16');
INSERT INTO courses VALUES(54,'Rob158','Advanced Computer Vision','covers/aperiam-libero-magni-enim-eum.jpg',unistr('Voluptate voluptatibus incidunt voluptatem facere dolore distinctio vel minima. Accusantium non laboriosam earum natus libero et quam. Dolorem voluptatem in earum sapiente. Omnis omnis officiis sit officiis mollitia nisi. Molestiae quaerat aliquid qui rerum et.\u000a\u000aIpsum eius ad reiciendis sed sit nihil. Ullam corrupti unde qui rem est unde quis. Velit quidem et ut consectetur nulla.\u000a\u000aAliquam sed harum voluptatem ipsam facilis cumque vitae. Commodi et labore quas nemo. Enim modi sit impedit aliquam incidunt et soluta.'),unistr('Dolorem ut quia cupiditate omnis illo alias non. Facilis aut voluptatibus et vero sed. Quisquam et corrupti autem excepturi.\u000a\u000aPlaceat quaerat rerum aut tenetur eveniet minima cumque. Harum veritatis deserunt ut et. Error rerum deserunt dolorem quod et voluptates. Excepturi quos sit aliquam rerum ipsam.'),3,'2026-03-14 06:14:16','2026-03-14 06:14:16');
INSERT INTO courses VALUES(55,'Rob159','Principles of Collaborative Robots','covers/saepe-reiciendis-facilis.jpg',unistr('Laudantium quis corporis inventore incidunt. Autem aspernatur hic accusamus consectetur sint dolorum. Optio magnam placeat dolore dolorem. Accusamus laboriosam sint dolor occaecati sit incidunt rerum id.\u000a\u000aUt error sed ex vel ullam aut. Quia ut rem architecto harum. Doloribus voluptatem vitae sed aut aliquam quia. Corporis sunt accusamus adipisci error tenetur ad.\u000a\u000aEa quia numquam eaque aut quibusdam id voluptatum. In inventore facilis et odio enim aliquid. Consequatur omnis voluptatum maxime repudiandae similique aut. Delectus non omnis consequatur doloremque reiciendis.'),unistr('Illum repudiandae accusamus cum debitis est. Temporibus sapiente dolore eaque vero accusantium. Iusto nisi labore libero error ut autem et expedita. Ipsam voluptatem eos consequatur et.\u000a\u000aRepudiandae sint tempore voluptatem nobis fugit nulla ex. Deserunt debitis excepturi molestias explicabo. Vel at est pariatur repellendus voluptatem est ad odit.'),2,'2026-03-14 06:14:16','2026-03-14 06:14:16');
INSERT INTO courses VALUES(56,'Rob160','Applied Arduino','covers/omnis-vitae-corporis.jpg',unistr('Hic dolor nam quia fugit rerum. Consequuntur nulla laudantium id ut non eligendi libero at. Dolores nihil commodi veniam explicabo sint quas aut. Ullam error illum quam hic odio tempora. Et quia magni harum totam consectetur.\u000a\u000aSit soluta ad atque enim. Nemo voluptatem ipsam sit consequuntur cupiditate quaerat. Et est quod quidem sapiente id officia.\u000a\u000aConsequatur nemo natus iusto. Delectus est nemo nulla.'),unistr('Magni provident sunt repellat eveniet enim. Quam in vero non. Voluptatibus similique iste impedit tempora quia. Et blanditiis unde magni eos quae sequi.\u000a\u000aQuibusdam saepe neque quia libero maxime nostrum veritatis. Tenetur id itaque voluptatem beatae assumenda. Esse cupiditate quaerat accusantium sed harum quia. At velit vero inventore ut tempore unde.'),2,'2026-03-14 06:14:16','2026-03-14 06:14:16');
INSERT INTO courses VALUES(57,'Rob161','Automation with Raspberry Pi','covers/consequatur-iure-aliquid-dolor.jpg',unistr('Facere et modi mollitia. Nemo soluta corporis ipsam itaque ea error consectetur harum. Et aut voluptates voluptas voluptatem et inventore nihil consequuntur.\u000a\u000aCulpa aperiam voluptate corrupti. Aliquid ullam at sit et ut. Qui repudiandae porro atque vel quam. Voluptatem voluptas unde fugiat omnis.\u000a\u000aQuia magni aut impedit autem omnis voluptas necessitatibus. Ad facilis tenetur fugiat. Vitae veniam dolor eveniet.'),unistr('Quia laboriosam id ut provident voluptatibus ea cum. Omnis et sit fugit vero suscipit illo voluptates reprehenderit.\u000a\u000aVoluptas possimus ut ad minima iure. Eius sunt neque consectetur molestiae vero.'),1,'2026-03-14 06:14:16','2026-03-14 06:14:16');
INSERT INTO courses VALUES(58,'Rob162','Sensors in Artificial Intelligence','covers/rerum-reiciendis-impedit-ut.jpg',unistr('Et repellat laboriosam cumque eum velit. In voluptatem facere voluptatem qui quam. Consequatur rerum non officiis accusantium. Magni blanditiis adipisci quo officia.\u000a\u000aCupiditate nihil et aut error. Quia sit minima et necessitatibus. Quibusdam eum et optio quia dolor soluta minus. Odit quis animi maxime est sed vero saepe.\u000a\u000aCupiditate non sit laboriosam deleniti voluptatem neque. Consequuntur sit voluptatum molestiae dignissimos labore dolores omnis. Dolorem ipsam delectus voluptatem eos.'),unistr('Qui nisi possimus aut molestias. Non blanditiis cum pariatur aliquam omnis nihil. Eius illo eum ut sit.\u000a\u000aDolores dolorum repudiandae molestias aut cum ad. Corporis eum vitae corrupti distinctio ducimus. Eum nulla fugit reiciendis sunt. Odio amet nihil hic sint sed possimus. Molestiae quae impedit voluptatem qui.'),1,'2026-03-14 06:14:16','2026-03-14 06:14:16');
INSERT INTO courses VALUES(59,'Rob163','Control Systems for Automation','covers/ratione-similique-voluptatem.jpg',unistr('Fuga nobis dolor voluptatibus ut eligendi et quod. Ullam ut sed voluptatum cum. Quasi ut distinctio quaerat ratione consectetur aut.\u000a\u000aEos corporis necessitatibus quae voluptatem saepe soluta sit. Et cupiditate enim minima assumenda et. Quo cumque quo cupiditate. Harum voluptas quas deserunt consequatur sed eum cumque.\u000a\u000aRem omnis excepturi et non sit ut corporis hic. Est reprehenderit quaerat beatae temporibus velit voluptatem. Non ratione minus asperiores enim et rerum. Odit dolor dignissimos ducimus voluptates debitis quibusdam et. Laboriosam quia molestias et dicta aperiam dolores ducimus.'),unistr('Fuga dolor alias enim quas molestiae modi assumenda. Nisi ex aut consequatur ut asperiores ullam consequatur hic. Dolorum vel explicabo suscipit atque. Voluptatem officia incidunt atque.\u000a\u000aUt culpa impedit et eum quidem adipisci. Commodi ut fugiat molestiae unde vel. Itaque aliquid quae voluptas natus iste ut.'),1,'2026-03-14 06:14:16','2026-03-14 06:14:16');
INSERT INTO courses VALUES(60,'Rob164','Design with IoT','covers/consectetur-ullam-nihil-unde.jpg',unistr('Quos deleniti quo perferendis quasi labore rem. Earum reiciendis odit cupiditate voluptatem quas explicabo dolorem tempora. Provident ab ut officia eius sit aspernatur facere consequatur.\u000a\u000aConsequatur alias quasi repellendus corporis. Velit cum voluptatem earum autem sed. Qui tempora consequatur voluptate ut incidunt eum.\u000a\u000aVoluptate sapiente accusamus aut a repellendus a ducimus. Consequatur adipisci occaecati quia fuga dolore. Aliquam doloribus nostrum ea.'),unistr('Magnam soluta alias iste praesentium alias. Porro quia ut et veniam repudiandae. Rerum saepe est pariatur nostrum. Quae explicabo autem eius reiciendis reprehenderit.\u000a\u000aVelit et ullam sit magni. Hic est illo dolorum fugiat totam nobis et et. Vero impedit dicta aspernatur amet modi reprehenderit ipsa maiores. Velit non ducimus excepturi voluptate. Dolores aliquam fugit eaque qui ipsa assumenda iusto.'),1,'2026-03-14 06:14:16','2026-03-14 06:14:16');
INSERT INTO courses VALUES(61,'Rob165','Design with PLC Programming','covers/omnis-est-accusamus-at-doloribus.jpg',unistr('Mollitia veniam id autem autem autem. Non ut ut tenetur vero et iste non. Aspernatur qui dolor repellat exercitationem.\u000a\u000aFugit et natus a sit in delectus suscipit minima. Repellat qui quasi sapiente. Quisquam et corporis earum voluptatem placeat.\u000a\u000aEst est exercitationem error cupiditate eligendi dolore dolore. Provident blanditiis quisquam pariatur itaque.'),unistr('Quam placeat voluptas dolor ullam ipsum impedit voluptas facere. Molestiae qui nobis excepturi et ut ad id. Voluptatem blanditiis ea et sint tenetur tempora est. Voluptatem saepe commodi mollitia debitis placeat nihil blanditiis.\u000a\u000aUt ea fugiat neque optio ut nostrum sit. In earum molestiae tempore quaerat consectetur. Vero eum ad nemo modi.'),2,'2026-03-14 06:14:16','2026-03-14 06:14:16');
INSERT INTO courses VALUES(62,'Rob166','Principles of Robot Kinematics','covers/sint-iusto-quo-voluptas.jpg',unistr('Est ducimus voluptate blanditiis qui aut rem nihil ut. Facilis pariatur et non sequi eum sit. Id ullam omnis ut laboriosam.\u000a\u000aSed qui quis veritatis modi iste. Quis libero quo provident qui ipsam id dolores. Fugiat accusamus expedita accusamus itaque. Sint vel tempore consequatur voluptatem est qui facere.\u000a\u000aCupiditate qui quia eligendi voluptatum ea dolorem. Perferendis officia ipsum odio consequatur atque qui saepe. Voluptatem blanditiis voluptate ut itaque aut sed modi ullam.'),unistr('Eum cum aut qui voluptate et ad. Dolor illo officia facere ad dolores numquam sequi. Praesentium corrupti laboriosam omnis ut et ratione eos. Iure qui sint voluptatibus a.\u000a\u000aSed accusamus voluptatem placeat. Recusandae provident id aspernatur nulla provident earum quis ut.'),1,'2026-03-14 06:14:16','2026-03-14 06:14:16');
INSERT INTO courses VALUES(63,'Rob167','Programming for PLC Programming','covers/occaecati-fuga-et-nostrum-dolore.jpg',unistr('Culpa eos aut id est eos nulla nobis. Aliquid dolore consectetur quia facilis asperiores sapiente. Nesciunt eveniet tempore reprehenderit doloribus eaque. Animi in quis illo dicta deserunt odit eum.\u000a\u000aDolorem quis explicabo aut porro ut voluptatem doloribus ducimus. Consectetur incidunt est explicabo.\u000a\u000aEst qui rerum praesentium odio alias ut. Nam illo fuga sit et nulla dolor. Iste nulla vel corrupti voluptas numquam. Ut dicta sunt nihil commodi.'),unistr('Dicta explicabo nulla et tempore ullam. Quos laudantium eos tenetur et non consequatur non. Accusamus molestias facere voluptatibus voluptate aut. Qui doloremque in fugiat asperiores.\u000a\u000aCommodi deleniti autem delectus exercitationem distinctio non. Distinctio quibusdam et voluptatibus sit exercitationem in ut. Vero non nam iusto necessitatibus consectetur velit eaque. Voluptates quis blanditiis eius. Necessitatibus in et quas consequatur.'),3,'2026-03-14 06:14:16','2026-03-14 06:14:16');
INSERT INTO courses VALUES(64,'Rob168','Control Systems for Automation','covers/molestias-qui.jpg',unistr('Nisi atque quis aut quos. Fuga tempora officiis quaerat qui repellat soluta animi. Qui voluptates ad ut tenetur cumque. Ipsam ea dolor ab voluptas tempora reiciendis veritatis. Corporis amet hic maiores quas.\u000a\u000aId et aut sed et. Vitae minima et qui non. Et ipsa porro rerum accusamus. Hic dolor aut voluptatem quod.\u000a\u000aVeniam laboriosam itaque omnis reprehenderit. Molestiae suscipit voluptatem quia. Quasi aut eum voluptas dicta odit.'),unistr('Qui eaque quis non sapiente enim sed quidem est. Atque sit sunt excepturi aspernatur autem voluptatem ut. Aut magni quis non fugiat molestias quidem. Nobis corrupti reiciendis nisi qui quia ea beatae deleniti.\u000a\u000aReiciendis porro tempore voluptatem beatae maxime unde deserunt. Est dolores velit optio commodi ab.'),2,'2026-03-14 06:14:16','2026-03-14 06:14:16');
INSERT INTO courses VALUES(65,'Rob169','Control Systems for Path Planning','covers/similique-molestiae-nihil-beatae.jpg',unistr('Et ut et accusantium. Fugit iure et consequuntur.\u000a\u000aVitae animi ut velit cumque. Facilis dolorum minus eius optio ut magnam. Totam dolores minima aliquam maiores officia.\u000a\u000aSed sed explicabo dicta amet. Mollitia dicta perferendis velit blanditiis dolor consequatur. In quo molestiae totam nostrum voluptas cupiditate id. Voluptas ducimus ut voluptatibus adipisci mollitia.'),unistr('Omnis omnis libero tempore quam. Harum voluptatum unde et fuga est deleniti. Doloremque nostrum beatae enim et officiis voluptatem saepe.\u000a\u000aTempore reprehenderit doloribus harum eum ut. Accusantium suscipit ea autem deleniti. Cupiditate totam atque quaerat dignissimos quam. Omnis temporibus ex labore deserunt et vero enim iste.'),2,'2026-03-14 06:14:16','2026-03-14 06:14:16');
INSERT INTO courses VALUES(66,'Rob170','Control Systems for Path Planning','covers/modi-animi-ut.jpg',unistr('Possimus eaque rem nihil consequatur ipsum rerum. Et atque aut quos delectus quaerat quasi. Aut at enim illo qui eligendi similique ut. Numquam quia voluptas vel repellat explicabo in.\u000a\u000aDolorem sapiente rerum rerum debitis voluptas in. Dolore ad ut distinctio fugiat quaerat. Omnis sint sed esse dolores ut. Quas et repellat deleniti ea.\u000a\u000aDebitis autem necessitatibus maiores dicta laboriosam architecto. Repudiandae eaque vero non aut ut quam. Iusto dolor tempore quibusdam voluptas ut pariatur dicta est. Incidunt nam qui culpa ducimus dolores libero dolorem non.'),unistr('Doloribus minus voluptate odit deleniti suscipit. Rerum quasi voluptatem quisquam illum quam est et. Culpa dolor minus consequatur aut itaque doloremque ducimus. Ipsum et est dolorem voluptatem odio.\u000a\u000aEt laborum quaerat excepturi atque quas animi. Maxime aliquid dolorum voluptatem ea itaque sed maiores. Assumenda perspiciatis aut optio accusantium vero. Et explicabo itaque ratione ea assumenda qui.'),2,'2026-03-14 06:14:16','2026-03-14 06:14:16');
INSERT INTO courses VALUES(67,'Rob171','Automation with Servo Motors','covers/et-dolor.jpg',unistr('Delectus porro doloremque vero. Praesentium autem in laborum harum. Quo accusamus adipisci tenetur aperiam. Facilis eaque est quia dolorem.\u000a\u000aSequi quia necessitatibus eius qui facere consequatur amet. Aperiam maiores sit maxime omnis accusantium voluptatem. Facere quaerat rerum quis eum et aliquid. Rerum sint cum illum ducimus nam repellendus dolor.\u000a\u000aVelit culpa dolor ad quos. Est sit ad provident veniam velit quisquam mollitia libero. Eos quibusdam fuga aliquam at aliquid impedit delectus. Sequi consequatur sit enim ex quis vitae.'),unistr('Dolor sapiente eum aut sint magni vero facilis. Dolore aut dolores aut tempore illum repellendus sit omnis. Neque sit ducimus odit voluptatem excepturi voluptas quo. Qui ad magni neque quis maxime soluta qui. Quia quod omnis et nam laboriosam ratione.\u000a\u000aFuga explicabo perspiciatis temporibus et atque minima et. Ea nemo hic ut qui praesentium aut est. Sunt tenetur cupiditate ratione sed.'),2,'2026-03-14 06:14:16','2026-03-14 06:14:16');
INSERT INTO courses VALUES(68,'Rob172','Fundamentals of PLC Programming','covers/repellat-quos-fugiat-hic.jpg',unistr('Accusamus aut in deleniti qui expedita eum. Accusantium tempora aut enim nesciunt. Error animi cupiditate incidunt nam aspernatur corporis in eaque. Ut non aut nisi dignissimos alias. Consequatur praesentium distinctio ut.\u000a\u000aVitae ipsum ad et fugiat id. Amet eos sed aut voluptas blanditiis. Nulla porro eum voluptatem.\u000a\u000aError occaecati alias repellendus maiores aut. Aut et occaecati sit molestiae. Mollitia libero sapiente adipisci assumenda voluptatem.'),unistr('Inventore aut quis explicabo iste provident ea. Asperiores similique asperiores rem est consectetur velit velit. Pariatur ad excepturi porro consequatur laborum qui rerum. Aliquam quo quisquam sed necessitatibus.\u000a\u000aSed quia est quia quia assumenda. Ut inventore reiciendis neque dolore nam quos sit voluptates. Molestias voluptatem et doloribus et.'),3,'2026-03-14 06:14:16','2026-03-14 06:14:16');
INSERT INTO courses VALUES(69,'Rob173','Automation with Embedded Systems','covers/quas-id-atque-tempora.jpg',unistr('Ratione et a voluptates pariatur illum quia ut. Sunt eius numquam rerum dolores. Impedit sint at a porro adipisci saepe et quia.\u000a\u000aOptio minima esse eveniet veniam a. Ab architecto aut deleniti ex dolor odio molestiae. Dolore ducimus autem quia dolore voluptatum eum beatae.\u000a\u000aUt quia fuga et modi illum repellendus. Dolor voluptas laborum perspiciatis consequatur ipsum modi blanditiis. Libero nesciunt nisi incidunt porro modi aut accusantium.'),unistr('Facilis voluptate est nihil ratione. Quidem aut suscipit saepe voluptatem molestiae. In quas accusantium nam ab rem veritatis.\u000a\u000aVoluptas maiores nostrum veritatis earum rerum. Odit laborum perspiciatis perferendis aut enim laborum laborum atque. Nesciunt qui fuga dolor fugiat optio inventore.'),3,'2026-03-14 06:14:16','2026-03-14 06:14:16');
INSERT INTO courses VALUES(70,'Rob174','Applied Robot Kinematics','covers/expedita-voluptatum-quisquam-sunt-quos.jpg',unistr('Quia officia eos qui. Vitae ut deserunt corrupti ut iure voluptatum ut et. Molestiae praesentium laudantium voluptatem occaecati quos eum dolor et.\u000a\u000aNon blanditiis animi iste necessitatibus et consectetur. Inventore fuga dolorem quo voluptatem aperiam necessitatibus reprehenderit. Et sit nulla atque dolorem voluptatum quis. Voluptatem eius error aut rerum vel maxime id.\u000a\u000aDistinctio et eius et voluptatem. Adipisci sint neque quis dolor aperiam accusantium nihil debitis. Voluptas consequatur dolores provident corrupti at.'),unistr('Quibusdam sit expedita minus quod sit. Amet aut impedit quos dolores occaecati debitis quia. Labore sit mollitia voluptas distinctio provident quidem doloribus quia. Voluptas repudiandae consequuntur facilis eligendi placeat eaque.\u000a\u000aImpedit labore voluptates quo iste eligendi qui. Occaecati velit sunt qui cumque porro delectus enim.'),2,'2026-03-14 06:14:16','2026-03-14 06:14:16');
INSERT INTO courses VALUES(71,'Rob175','Sensors in Computer Vision','covers/consequatur-sit-tenetur-voluptas.jpg',unistr('Officia maxime numquam fugiat amet itaque facere. Accusantium quasi voluptatum quisquam omnis. Exercitationem et eum est eveniet dicta eius at.\u000a\u000aAnimi architecto quas cum sapiente nisi dolores. Non sit velit aspernatur culpa quia. Vel nesciunt enim ullam veniam eligendi minus. Magni necessitatibus non iste accusamus dolorem.\u000a\u000aAutem ipsam atque aut nostrum nemo dignissimos. Qui qui saepe excepturi enim qui. Et suscipit commodi est vel qui velit.'),unistr('Quibusdam tempore atque rerum porro ipsum non. Quia optio aspernatur repellendus suscipit reprehenderit non. Et officiis aut maxime esse aliquam sequi esse.\u000a\u000aEst alias nostrum rerum voluptas. Dolores deserunt quis praesentium. Ad animi qui facilis voluptatem voluptates.'),3,'2026-03-14 06:14:16','2026-03-14 06:14:16');
INSERT INTO courses VALUES(72,'Rob176','Programming for Computer Vision','covers/aut-aliquam-enim-officia.jpg',unistr('Non esse hic tempora labore eveniet voluptatibus provident. Magnam placeat qui quia aut.\u000a\u000aSimilique quo ipsam cupiditate fugit cum sequi. Aperiam quam occaecati eveniet aut laudantium nihil. Assumenda voluptatum quidem sunt. Ducimus voluptatem et non facere est.\u000a\u000aCulpa et ducimus commodi est cum expedita. Dolorem voluptatibus impedit quidem quam blanditiis eveniet. Odit veniam mollitia fugiat ut et sapiente sed in.'),unistr('Aut rerum iste repellendus omnis ut rerum. Omnis est iusto tenetur. Ducimus deserunt et consequatur et.\u000a\u000aVoluptatem est aperiam harum. Accusantium et corporis sit et cupiditate. Modi in perferendis repellat est suscipit velit dolore.'),3,'2026-03-14 06:14:16','2026-03-14 06:14:16');
INSERT INTO courses VALUES(73,'Rob177','Control Systems for Servo Motors','covers/corporis-atque.jpg',unistr('Occaecati nobis beatae voluptate repellendus. Dolorum voluptate totam autem sint quisquam. Ex quia ipsum et vel qui. Necessitatibus asperiores totam quis dicta aut suscipit tempora et.\u000a\u000aCum reprehenderit maxime et odit. Doloribus earum explicabo quibusdam enim aliquid. In mollitia facere quae pariatur amet vel provident tenetur.\u000a\u000aEligendi a iure sit sit sit. Unde minima sed necessitatibus illo. Est voluptas omnis velit velit. Aliquam enim itaque labore facilis omnis quasi.'),unistr('In similique libero nam aut voluptas facere illum. Fugiat ad in sunt cumque ex praesentium. Nam magnam aut dolores aut quia.\u000a\u000aCumque consequuntur sed quisquam debitis. Dolorem necessitatibus deserunt rerum sunt voluptatem officiis tempora fuga. Sunt nam ut modi necessitatibus.'),2,'2026-03-14 06:14:16','2026-03-14 06:14:16');
INSERT INTO courses VALUES(74,'Rob178','Principles of Machine Learning','covers/in-dolorum-inventore.jpg',unistr('Rerum id dolorem quaerat similique doloribus consequuntur et. In ea ipsum laboriosam reprehenderit voluptatibus natus.\u000a\u000aFacere odio laudantium voluptatem repudiandae. Sunt id quis ad velit. Quia aut molestiae quisquam. Quis porro quis est distinctio nobis consequatur quaerat totam. Provident itaque sed impedit adipisci commodi veritatis.\u000a\u000aExercitationem odio tempore nisi mollitia doloribus nihil praesentium. Aut voluptas dolorem ut pariatur asperiores provident dicta. Soluta tenetur itaque laboriosam ut nihil quis consequatur quas.'),unistr('Dolores omnis rem eaque non. Ut nemo quos consectetur quo aut accusantium ut.\u000a\u000aEt maxime deleniti rerum culpa repellendus sed. Et facere sit mollitia est officia autem. Maiores sequi eaque iure quae sapiente culpa debitis officiis. Inventore rem illo quidem quod.'),2,'2026-03-14 06:14:16','2026-03-14 06:14:16');
INSERT INTO courses VALUES(75,'Rob179','Design with Automation','covers/nulla-aut-sed-ut.jpg',unistr('Atque nihil ut reiciendis veritatis saepe officiis voluptas. In nisi repellendus amet ut vitae odit.\u000a\u000aRatione non corporis quidem consequatur id optio temporibus fuga. Blanditiis est sed aperiam laudantium repellendus et modi. Atque voluptas magnam at.\u000a\u000aCorrupti dignissimos totam praesentium quo. Voluptas maxime excepturi minus. Ut temporibus magnam enim aut aut modi.'),unistr('A qui placeat iusto. Delectus nostrum aperiam et sapiente voluptatem. Ratione in voluptatem enim quia.\u000a\u000aAut omnis omnis eos numquam. Debitis autem ut et architecto tempore ut corporis. Debitis voluptatem magnam maiores quia repudiandae voluptatibus et.'),3,'2026-03-14 06:14:16','2026-03-14 06:14:16');
INSERT INTO courses VALUES(76,'Rob180','Design with Industrial Robots','covers/assumenda-voluptates-dolor-vitae.jpg',unistr('Earum accusamus inventore sint voluptate. Aut hic dicta voluptate quis ipsum quod inventore. Magni est molestias aut minus consectetur.\u000a\u000aAd autem ipsum aut veritatis. Est voluptatem qui consequatur velit molestiae eveniet. Repellendus dicta debitis architecto ducimus est nam deleniti. Ratione atque aut iste culpa aut qui.\u000a\u000aRem laudantium sint laudantium tempore nihil velit est. Et repudiandae quam magni incidunt quisquam dolorem.'),unistr('Libero veritatis qui atque non maxime magni. Qui natus expedita qui quaerat nisi itaque consequatur consequuntur. Quo minima qui sapiente sint fuga. Voluptatem fugiat maxime consequatur voluptatem qui sit eligendi.\u000a\u000aEst veritatis laboriosam sunt et consequatur earum. Sequi autem fuga et et doloremque. Repellat animi velit libero ipsa rerum. Repudiandae sit nobis illo eveniet eveniet quo qui.'),3,'2026-03-14 06:14:16','2026-03-14 06:14:16');
INSERT INTO courses VALUES(77,'Rob181','Applied Raspberry Pi','covers/excepturi-iusto-aliquid-optio.jpg',unistr('Dolorum suscipit vel quia sunt qui. Ut eveniet optio sunt quo optio possimus. Veritatis saepe rerum incidunt sit similique dignissimos sit. Quia voluptatem et tempore officiis. Itaque quibusdam et sint reiciendis.\u000a\u000aId est molestias nulla itaque ipsam. Ducimus incidunt illum nihil aut labore. Consequatur minus ad repellat.\u000a\u000aEt velit in iure et non veniam omnis. Ducimus odit qui asperiores et voluptatum delectus.'),unistr('Impedit quos deserunt ut et error et sequi. Adipisci et accusantium maxime voluptas excepturi libero animi. Consequatur molestiae autem quisquam amet veritatis est repellat. Nihil possimus vitae iste.\u000a\u000aPossimus asperiores qui cupiditate enim quam natus. Aut molestiae dolores eum excepturi voluptates nihil necessitatibus. Nihil repellendus quae hic vero ut. Iure quo beatae et ut voluptas.'),2,'2026-03-14 06:14:16','2026-03-14 06:14:16');
INSERT INTO courses VALUES(78,'Rob182','Introduction to Robot Kinematics','covers/pariatur-quia-beatae.jpg',unistr('Quaerat incidunt velit numquam sequi. Corrupti harum fuga nisi natus et at et. Velit placeat saepe similique sed debitis.\u000a\u000aRepudiandae sunt alias explicabo laudantium. Dolor alias explicabo sequi debitis quibusdam commodi. Reiciendis velit aut aut commodi.\u000a\u000aDoloribus cum officia dolorem alias. Autem nesciunt sint dicta magnam amet possimus eaque. Voluptate rerum hic ut dignissimos.'),unistr('Quidem dolores officia consequatur autem qui laborum et laboriosam. Tenetur quasi cum accusamus et. Molestiae pariatur voluptatem repudiandae. Non consequatur est voluptates ratione maiores.\u000a\u000aArchitecto sunt enim voluptates eum pariatur. Eaque porro nihil aliquam molestiae. Consectetur a et sunt et non iure architecto.'),3,'2026-03-14 06:14:16','2026-03-14 06:14:16');
INSERT INTO courses VALUES(79,'Rob183','Introduction to IoT','covers/ad-veniam-excepturi-non.jpg',unistr('Placeat aut esse doloremque eum. Exercitationem eos velit nulla voluptate. Harum deserunt in laudantium qui ipsam commodi saepe. Ad sequi necessitatibus aut optio et ut.\u000a\u000aPorro occaecati nemo animi qui. Aut natus et ducimus iusto.\u000a\u000aQuia perferendis possimus recusandae culpa quasi est. Sed ut officiis fugiat veniam. Voluptas optio eaque eligendi deserunt error veniam et.'),unistr('Dolorem eum quasi officia est est nam. Eius sunt earum illum ipsum et laudantium. Eligendi voluptatem et non ab impedit incidunt.\u000a\u000aEos quia sequi occaecati laboriosam incidunt commodi eum. Sunt temporibus culpa exercitationem eaque ea pariatur praesentium temporibus. Sed dolores rem nisi qui corporis mollitia. Quia ipsum dolores id quas ex illum adipisci.'),3,'2026-03-14 06:14:16','2026-03-14 06:14:16');
INSERT INTO courses VALUES(80,'Rob184','Introduction to Collaborative Robots','covers/eos-aut-incidunt.jpg',unistr('Voluptatem rerum dolor praesentium aspernatur fuga quaerat sed. Repellendus fuga et ab veritatis sapiente quia. Fugiat ipsa perspiciatis qui quo voluptas maiores eum. Sint quis provident rerum non non velit eos aut.\u000a\u000aEt exercitationem est tempore veritatis recusandae quae assumenda. Assumenda ullam eaque qui. Dolor ratione laboriosam earum. Repellendus consequatur saepe accusamus laboriosam et.\u000a\u000aSequi enim perspiciatis reiciendis accusantium dolor exercitationem. Qui tempore in qui sit quaerat. Consequatur eveniet id sint.'),unistr('Sequi sint vel est corrupti dolorem. Voluptate similique dolore rerum illo incidunt quas vitae voluptatum. Ut cupiditate sed ea qui dicta dolor architecto.\u000a\u000aAut rerum fuga illo nobis et. Explicabo provident tenetur reiciendis iusto. Et provident dolor esse.'),3,'2026-03-14 06:14:16','2026-03-14 06:14:16');
INSERT INTO courses VALUES(81,'Rob185','Automation with Collaborative Robots','covers/vero-corporis-reprehenderit-velit.jpg',unistr('Odio quia qui autem non ipsa. Dolores doloremque unde non et nostrum.\u000a\u000aTotam ad autem rerum alias. Quasi ut voluptatum iusto rerum magni omnis. Perferendis tempore dolor explicabo ut id similique. Cum itaque asperiores dolor enim.\u000a\u000aProvident laborum at distinctio aut blanditiis eos repudiandae. Suscipit sed dolor nam sit veniam est animi non. Cumque facere perferendis qui reprehenderit. Mollitia in vitae quas voluptates quaerat repudiandae exercitationem quis.'),unistr('Soluta illum laboriosam odio voluptatibus dolor. Quasi vero similique blanditiis quisquam sunt eum.\u000a\u000aEt asperiores ut iste sed aperiam corrupti. Repudiandae est vero ex quae repellat. Aut quis ipsum dolorem delectus sit dolore.'),2,'2026-03-14 06:14:16','2026-03-14 06:14:16');
INSERT INTO courses VALUES(82,'Rob186','Principles of Raspberry Pi','covers/id-doloribus-ad-et.jpg',unistr('Cum aut ullam voluptatem sequi. Explicabo consectetur qui maiores cupiditate alias tempore. Voluptates et molestias temporibus itaque.\u000a\u000aId error aut eaque fugit odit illum inventore consequatur. Quis quia aut aut corrupti quam consequuntur officia. Error velit porro optio perferendis qui tenetur quis.\u000a\u000aDoloribus qui ut sit sapiente. Pariatur sed itaque consectetur aut mollitia. Consequatur omnis quibusdam neque voluptas ex.'),unistr('Cumque quam dolor eius quam. Ullam porro ducimus ullam aut soluta qui. A accusamus accusantium omnis.\u000a\u000aVoluptas quis omnis enim sequi consequatur excepturi ea ea. Sit sed vel sequi vel amet. Veritatis est ea dicta cum aliquid. Harum et ut eius porro rerum.'),3,'2026-03-14 06:14:16','2026-03-14 06:14:16');
INSERT INTO courses VALUES(83,'Rob187','Design with Computer Vision','covers/possimus-modi-nemo.jpg',unistr('Dolor aut amet in repellat modi. Eligendi neque odit est eaque possimus dolor. Et iusto sequi reiciendis molestiae.\u000a\u000aEsse nemo ex inventore accusamus minima. Alias minus repellat laboriosam hic est qui quae. Rem iure accusamus quia.\u000a\u000aPossimus molestiae dolor voluptatum quis voluptatum minima sunt. Ad ut dolores nemo commodi. Non et est vero qui quis.'),unistr('Qui repellendus earum voluptatum optio sit. Minus eum facere qui modi provident iusto. Perspiciatis autem earum nobis quia.\u000a\u000aHic earum ut iusto reiciendis sunt dolor velit. Aut nemo voluptas sunt. Harum distinctio itaque ut accusamus dolores. Fuga omnis et provident id optio repudiandae itaque.'),3,'2026-03-14 06:14:16','2026-03-14 06:14:16');
INSERT INTO courses VALUES(84,'Rob188','Principles of Automation','covers/incidunt-voluptates-quia.jpg',unistr('Quisquam similique est et error. Deleniti veniam saepe quae sunt ut.\u000a\u000aIusto perspiciatis praesentium asperiores et. Et id dolore dicta. Dolor fugiat et repellat. Nostrum sequi sint pariatur ad esse voluptate.\u000a\u000aFuga quae libero aut nisi. A nisi excepturi error et incidunt ab aut. Eligendi corporis assumenda officia.'),unistr('Voluptate qui ducimus enim deleniti. Eaque rerum maxime dolores nisi consequatur libero consequatur. Exercitationem cumque ab rerum voluptates voluptas qui.\u000a\u000aCommodi aut laborum quae sunt harum doloribus a. Et excepturi nobis rem ratione. Ut et quas dicta saepe molestias dolorum exercitationem. Esse autem repellendus atque deleniti voluptatem.'),3,'2026-03-14 06:14:16','2026-03-14 06:14:16');
INSERT INTO courses VALUES(85,'Rob189','Fundamentals of IoT','covers/ipsam-autem-ullam.jpg',unistr('Ipsa sint voluptas sed ducimus eum qui incidunt occaecati. Iusto quidem et occaecati repudiandae nisi. Dolore totam ab ullam esse maiores architecto. Aut aut suscipit quas pariatur ipsam maxime mollitia.\u000a\u000aEaque necessitatibus sit est tempora. Voluptatem iste rerum aut sequi nihil aut. Saepe qui ipsum doloremque ea.\u000a\u000aAut hic dolorum aliquam saepe praesentium officia officia. Vel eum voluptatem quidem quaerat adipisci. Unde culpa quis ipsa nihil vitae. Consequuntur voluptates vel consequatur omnis.'),unistr('Et deserunt perspiciatis ad et at quibusdam aut. Illum consequuntur ut itaque iure eius perferendis corporis. Delectus et temporibus aut hic nobis ab. Quidem ut laudantium animi ea non atque exercitationem.\u000a\u000aEum eligendi tempora unde fugit. Voluptatem error veniam repudiandae ut autem quod corporis at. Aut blanditiis et sint consectetur nulla eaque et molestiae. Est nihil laborum sit voluptas accusantium ut.'),2,'2026-03-14 06:14:16','2026-03-14 06:14:16');
INSERT INTO courses VALUES(86,'Rob190','Fundamentals of Automation','covers/impedit-ratione-accusamus-nam.jpg',unistr('Laudantium asperiores quo maxime nihil et odio ut eveniet. Autem id qui quae dolorem ex possimus autem quasi. Velit quia quia ex ea in ullam. Iure sed earum iste commodi.\u000a\u000aIpsam saepe laboriosam voluptatem ea architecto magni minima. Sit necessitatibus deserunt aspernatur ea. Placeat cum reprehenderit mollitia similique doloremque assumenda rem.\u000a\u000aSed sit adipisci provident qui sed accusamus. Saepe pariatur est dolores deleniti et facilis asperiores. Ex laboriosam eum in voluptas quibusdam ducimus.'),unistr('Illum rem animi iste ad ipsum et. Asperiores exercitationem est non. Aut reprehenderit aliquam ratione. Qui quo iste dolores qui facilis ut.\u000a\u000aPerferendis doloribus sed ab. Fugit exercitationem laudantium explicabo autem similique. Quasi qui ipsam ex. At minima molestiae maiores sed cumque.'),2,'2026-03-14 06:14:16','2026-03-14 06:14:16');
INSERT INTO courses VALUES(87,'Rob191','Sensors in IoT','covers/dolores-sapiente-quis-incidunt.jpg',unistr('Iusto omnis optio et ut molestias fugiat. Aut velit consequatur quasi ipsa tenetur qui molestias. Mollitia deleniti cumque commodi explicabo nihil est dolorem.\u000a\u000aAtque aut qui quis quis. Quaerat praesentium quidem reprehenderit rem in perspiciatis veniam. Ea et enim iusto ex suscipit.\u000a\u000aModi perspiciatis et ut voluptate mollitia. A minus beatae et sed quas.'),unistr('Cupiditate totam aut incidunt alias voluptatem quibusdam nemo. Non nesciunt id quis ut quae nam. Nemo omnis ut ex modi sed. Ea consequatur accusamus reprehenderit nesciunt.\u000a\u000aEaque sit dolor non rerum sit officiis. Quidem nesciunt ea quas magni quisquam quo. Veritatis enim iusto sit excepturi reiciendis.'),2,'2026-03-14 06:14:16','2026-03-14 06:14:16');
INSERT INTO courses VALUES(88,'Rob192','Applied Machine Learning','covers/aspernatur-quis-veniam.jpg',unistr('Necessitatibus earum et tempora accusantium explicabo aut. Saepe minima nam corrupti. Eveniet sed sit vitae commodi possimus eius. Dignissimos aspernatur ab sit aut voluptatem esse illum.\u000a\u000aAb iure autem ratione consequatur fuga. Iusto et itaque ea dolor eaque expedita quisquam. Enim aut deserunt vitae eum.\u000a\u000aQuidem sint ut repellendus praesentium doloribus neque inventore vel. Magnam eligendi laudantium esse consequatur amet. Amet quo explicabo explicabo deleniti.'),unistr('Non rerum ipsum voluptatum laborum quia. Id deserunt aut laborum et natus explicabo. Est ut incidunt molestiae sequi excepturi quam et. Cumque aut libero corrupti aut dolorem. Ut deserunt quod dolor aspernatur eos distinctio.\u000a\u000aSit rem dolorem architecto dolorem. Saepe magnam ut laborum in quae. Numquam numquam et consectetur vero.'),3,'2026-03-14 06:14:16','2026-03-14 06:14:16');
INSERT INTO courses VALUES(89,'Rob193','Advanced Artificial Intelligence','covers/est-natus-sit.jpg',unistr('Aperiam non rerum repellendus ullam eos est est. Rerum ratione velit asperiores molestias. Esse autem commodi doloribus in corporis sapiente.\u000a\u000aEt cum quo aut dignissimos fuga deserunt aliquam. Culpa ducimus tenetur officia beatae magnam aliquam.\u000a\u000aSuscipit beatae aut ullam accusantium et harum qui. Quidem libero maxime eos ea ab. Ut iure consequatur ipsum nihil facere natus. Occaecati iusto ut ratione esse dolorem facilis.'),unistr('Sapiente et consequatur autem. Sint rerum odio et nemo dolorem. Vel quia ad non.\u000a\u000aVel consequatur eius non facilis. Ut id rerum est rerum omnis magnam.'),2,'2026-03-14 06:14:16','2026-03-14 06:14:16');
INSERT INTO courses VALUES(90,'Rob194','Introduction to Artificial Intelligence','covers/assumenda-exercitationem-velit.jpg',unistr('Odit quas placeat ut possimus. Rerum voluptatem et quia sit omnis architecto. Aut quidem voluptatum dolorem enim aliquam explicabo rerum id.\u000a\u000aVeniam voluptatem pariatur autem nam ut veniam. Rerum rerum ut dolor. Tempora vitae laudantium aut alias laborum porro.\u000a\u000aEsse pariatur molestias et nam eos repellat autem. Magnam quo accusamus voluptas consectetur aperiam nihil expedita. Quidem ullam earum atque consequatur sequi dolores.'),unistr('Officiis et distinctio eligendi facilis sunt accusamus. Commodi quaerat quo voluptas facilis sint quo placeat alias. Ut aut aperiam eius vitae cumque vel deserunt voluptas. Dolorem quis ab sit voluptatem minus nobis.\u000a\u000aQuia earum ullam cumque corrupti eaque et quis. Dolor enim et quia aliquam assumenda occaecati. Voluptas autem distinctio non quia.'),3,'2026-03-14 06:14:16','2026-03-14 06:14:16');
INSERT INTO courses VALUES(91,'Rob195','Programming for Automation','covers/voluptate-iste-harum-quo.jpg',unistr('Nobis ad nulla facere quam facere officiis consequatur. Velit saepe et rerum aperiam explicabo nihil. Occaecati vitae tenetur alias ut ullam similique quo. Qui qui repellendus corrupti quisquam quas sed.\u000a\u000aA ea rerum quo aut autem et. Adipisci eaque odit fugiat sed sit quia libero. Sit et consequatur rem velit quia eius quis.\u000a\u000aNostrum et itaque ratione facere dolor quia eum. Quia quia soluta enim voluptatem. Voluptates quam asperiores doloremque amet et et vel laborum.'),unistr('Deleniti eius quaerat ad debitis. Ut omnis est ea occaecati voluptatem quam. Porro totam laudantium laboriosam ullam sequi et. Dolores in aut voluptatem et beatae est magnam voluptas. Ea fugit vel vitae cupiditate.\u000a\u000aBeatae incidunt harum iure ut facere voluptatem eius. Enim accusamus doloremque corrupti asperiores accusantium. Laboriosam vel voluptatem error. Praesentium quos tenetur illum alias occaecati omnis consequatur.'),2,'2026-03-14 06:14:16','2026-03-14 06:14:16');
INSERT INTO courses VALUES(92,'Rob196','Applied Automation','covers/dolores-necessitatibus-ea-nostrum.jpg',unistr('Libero rerum dolorem non facilis quod sint. Occaecati et debitis eaque fugiat.\u000a\u000aIn temporibus sed porro illo. Tempora dolorem maxime impedit id ut minus culpa eum. Sed voluptatem velit et odio nostrum. Ratione et accusamus harum quae.\u000a\u000aSit incidunt ex quibusdam veniam mollitia. Esse porro omnis sit quis. Qui et sit asperiores porro.'),unistr('Quibusdam sit quae eveniet doloribus odit. Accusantium reprehenderit odit itaque. Ipsa voluptas accusantium fuga temporibus in.\u000a\u000aEos quas earum ipsum impedit in ut. Quidem dolor illum eveniet. Minima dolor sit suscipit odio nobis.'),3,'2026-03-14 06:14:16','2026-03-14 06:14:16');
INSERT INTO courses VALUES(93,'Rob197','Sensors in Path Planning','covers/nostrum-dolorem-provident.jpg',unistr('Dolor tenetur rerum dignissimos veritatis hic. Debitis dolores velit odit est ut ut corporis. Quas iure id in similique laudantium.\u000a\u000aExercitationem quis sunt iste tempora vel reiciendis nam. Reiciendis sapiente aut doloribus minus aut placeat tenetur unde. Sequi ducimus officia labore repellendus.\u000a\u000aLabore sit doloremque et repellat in. Cumque recusandae eveniet in aut velit. Corporis impedit tenetur et.'),unistr('Et voluptatibus temporibus voluptatem distinctio et. Aut et mollitia cum est ea nesciunt. Recusandae molestiae repellat possimus. Explicabo optio suscipit et aut et voluptas.\u000a\u000aTempora aut commodi atque molestiae. Enim a labore libero corporis. Eveniet eius ipsa quas eos ratione quia dicta. Dicta placeat rem nulla omnis odio illum laudantium fuga.'),2,'2026-03-14 06:14:16','2026-03-14 06:14:16');
INSERT INTO courses VALUES(94,'Rob198','Automation with PLC Programming','covers/dignissimos-qui-ab-aut.jpg',unistr('Et sed amet nisi fugiat repellat soluta. Reiciendis doloribus quisquam sint voluptates deleniti non id. Nihil corrupti adipisci incidunt facilis.\u000a\u000aQuam sint aut consectetur incidunt est dolorem. Molestiae autem inventore labore ut at incidunt rerum quasi. Vitae nihil et nesciunt. Non optio odit omnis necessitatibus eius aut autem voluptatem.\u000a\u000aDistinctio ad adipisci sapiente totam. Nesciunt aliquam nihil vitae magni. Alias pariatur sit optio et laboriosam quo.'),unistr('Iste vero temporibus incidunt adipisci officia iste. Et et dignissimos occaecati sit nihil. Non omnis eum enim iure illo.\u000a\u000aDolores quasi rerum eligendi quo qui. Ea atque voluptatem dolor libero officia et dolores. Amet aut amet optio ipsa.'),3,'2026-03-14 06:14:16','2026-03-14 06:14:16');
INSERT INTO courses VALUES(95,'Rob199','Applied Robot Kinematics','covers/praesentium-mollitia-doloremque-omnis.jpg',unistr('Eum omnis excepturi nobis et laboriosam illum. Aut totam quod ratione omnis ipsam. Praesentium reiciendis eveniet eius consequatur aliquam adipisci.\u000a\u000aQuia amet eveniet quibusdam quo aliquam voluptatem eum possimus. Sint velit libero suscipit at.\u000a\u000aSequi minus quo asperiores dignissimos. Sint quis repellendus et nihil earum sit. Quia quia explicabo dignissimos culpa sit eos et. Libero sit maxime consequatur totam excepturi autem pariatur quidem.'),unistr('Expedita natus quibusdam accusamus incidunt. Et sequi consequatur repudiandae officia sunt. Autem sed quo molestias sit eius. Corporis doloribus animi dolorem dolor quasi veniam ea.\u000a\u000aProvident esse voluptas magni velit qui. Dolor voluptas recusandae et id quibusdam omnis facere. Ut ut iusto consequuntur dolorem repudiandae autem.'),1,'2026-03-14 06:14:16','2026-03-14 06:14:16');
INSERT INTO courses VALUES(96,'Rob200','Automation with Embedded Systems','covers/deserunt-reiciendis-explicabo-vel.jpg',unistr('Quia non corrupti officiis illo. Natus possimus rem vitae commodi. Libero expedita modi voluptatem qui rerum dignissimos.\u000a\u000aDolores rem omnis sunt magnam corrupti. In eum est voluptatibus sed. Quisquam et quos fugit maiores soluta consequatur et officiis.\u000a\u000aOmnis a saepe magnam. Quam ullam est quae hic voluptas. Veritatis molestiae occaecati reiciendis qui. Molestias et porro nobis quisquam ea. Est incidunt officia tempora.'),unistr('Dolor officiis veniam non et placeat voluptatem est. Iure ad nulla ad corrupti est placeat consequatur. Debitis minus sapiente sequi deleniti sed.\u000a\u000aDistinctio nemo repellendus dolor nemo odit nobis ipsum. Non perferendis ut qui voluptatem nulla. In delectus ut adipisci iure atque facilis asperiores doloribus. Ipsam dolores illo nemo eum maiores animi.'),2,'2026-03-14 06:14:16','2026-03-14 06:14:16');
INSERT INTO courses VALUES(97,'Rob201','Sensors in IoT','covers/culpa-officiis-reprehenderit.jpg',unistr('Placeat ut quia quos. Voluptates nihil qui quasi culpa ipsa ea. Laudantium repellat earum maiores est non aut et.\u000a\u000aOmnis quasi sit asperiores perferendis. Incidunt aut non ratione distinctio. Dolores accusantium non minus est recusandae distinctio non. Et cumque aperiam omnis vel.\u000a\u000aEst quis corrupti quo sit. Nostrum et culpa sunt dolore. Sit facilis reiciendis non assumenda. Voluptas fugit maxime ut molestiae ex.'),unistr('Non ducimus dolorum rerum qui. Sit praesentium tempora numquam fugiat quos sequi. Molestiae nesciunt ut magnam animi provident.\u000a\u000aMollitia qui delectus fugit cum. Illum magni recusandae dicta. Rerum veritatis voluptates voluptatem molestiae non. Est ipsam harum rerum error ab.'),1,'2026-03-14 06:14:16','2026-03-14 06:14:16');
INSERT INTO courses VALUES(98,'Rob202','Principles of Automation','covers/dolores-ut-quia-optio-corrupti.jpg',unistr('Ab et libero nihil. Dolor aperiam nisi et aut maiores. Exercitationem repudiandae illo aut aut iure. Non iste iusto earum.\u000a\u000aId tenetur rerum facilis deserunt. Exercitationem quia vel ad et est enim quidem. Voluptatibus repellat esse nemo atque itaque. Non facilis hic laboriosam qui perferendis eius.\u000a\u000aNemo quaerat qui ipsam perspiciatis amet consequatur quas voluptatem. Ut illo libero doloribus. Qui eum illum ut ad quidem occaecati at. Assumenda odit in perspiciatis aliquam fugiat. Libero nam perferendis atque expedita pariatur.'),unistr('Possimus sed reprehenderit dolores dicta sapiente corrupti. Deleniti ducimus placeat nemo omnis qui voluptas ut. Repellat vero facere omnis alias est veritatis. Reprehenderit rerum repellendus recusandae corrupti labore.\u000a\u000aOfficia ut quia dolor commodi corporis. Et dolor est sit placeat dolores ut. Et harum tenetur eligendi totam aut. Aut eligendi nostrum mollitia harum quas ut consequatur.'),1,'2026-03-14 06:14:16','2026-03-14 06:14:16');
INSERT INTO courses VALUES(99,'Rob203','Design with Industrial Robots','covers/sed-libero-ut.jpg',unistr('Facere reiciendis qui sint et modi itaque explicabo vero. Ut nesciunt ipsam quas aut ad est. Libero eligendi necessitatibus corrupti velit et accusantium aliquam.\u000a\u000aMinima non officia dolore aut animi saepe harum est. Modi necessitatibus et quia rerum molestias ducimus qui. Voluptatum quae quia sint quo ex eum impedit qui.\u000a\u000aNulla asperiores delectus libero excepturi consequuntur enim voluptatem. Perferendis velit officiis consectetur ullam dolorum fugit aspernatur. Assumenda nesciunt et numquam possimus. Earum laboriosam maiores pariatur molestias aliquid impedit accusantium consequatur.'),unistr('Magnam doloremque atque ipsa quos. Dolore quod quo maiores ut repudiandae dolorum. Explicabo corrupti sunt voluptatem animi dicta ad eveniet. Hic corporis quaerat et deserunt sit eos recusandae eius.\u000a\u000aSed saepe qui consequuntur accusamus aut architecto libero. Et expedita recusandae ratione nobis voluptatibus ipsam. Commodi ratione dolores ab et dolores.'),2,'2026-03-14 06:14:16','2026-03-14 06:14:16');
INSERT INTO courses VALUES(100,'Rob204','Fundamentals of Industrial Robots','covers/molestiae-explicabo-consequuntur-nostrum.jpg',unistr('Rem ut excepturi consequatur voluptatem molestias. Aut et expedita rerum a fugit velit quos.\u000a\u000aEum consequuntur fuga praesentium nam eos eum. Nisi corrupti officiis et neque. Minus qui fugiat nam illo ratione et quae voluptas. Ullam perspiciatis aut tempore delectus.\u000a\u000aDebitis eos perspiciatis nam asperiores. Iusto nemo eaque voluptate et at assumenda aliquid. Ut possimus ut voluptatem modi.'),unistr('Sint ut eligendi deleniti iste sunt doloremque provident. Ut aliquam mollitia et itaque placeat rem totam. Rem numquam doloremque quis et. Qui placeat fugiat quisquam et.\u000a\u000aQuod ullam libero quos quos et. Culpa laborum quia iusto adipisci repellat debitis optio ratione.'),3,'2026-03-14 06:14:16','2026-03-14 06:14:16');
INSERT INTO courses VALUES(101,'Rob101','Introduction to Robotics','covers/default.jpg','Course content pending.','Didactic material pending.',1,'2026-03-14 06:14:16','2026-03-14 06:14:16');
INSERT INTO courses VALUES(102,'Rob102','Introduction to Automation','covers/default.jpg','Course content pending.','Didactic material pending.',1,'2026-03-14 06:14:16','2026-03-14 06:14:16');
INSERT INTO courses VALUES(103,'Rob103','Programming for Robotics','covers/default.jpg','Course content pending.','Didactic material pending.',2,'2026-03-14 06:14:16','2026-03-14 06:14:16');
INSERT INTO courses VALUES(104,'Rob104','Characteristics of a Robot','covers/default.jpg','Course content pending.','Didactic material pending.',3,'2026-03-14 06:14:16','2026-03-14 06:14:16');
CREATE TABLE IF NOT EXISTS "course_group" ("id" integer primary key autoincrement not null, "course_id" integer not null, "group_id" integer not null, "created_at" datetime, "updated_at" datetime, foreign key("course_id") references "courses"("id") on delete cascade, foreign key("group_id") references "groups"("id") on delete cascade);
INSERT INTO sqlite_sequence VALUES('migrations',5);
INSERT INTO sqlite_sequence VALUES('robotics_kits',3);
INSERT INTO sqlite_sequence VALUES('groups',3);
INSERT INTO sqlite_sequence VALUES('users',3);
INSERT INTO sqlite_sequence VALUES('courses',104);
CREATE UNIQUE INDEX "users_email_unique" on "users" ("email");
CREATE UNIQUE INDEX "courses_course_key_unique" on "courses" ("course_key");
COMMIT;
